[2025-11-21T19:41:27.784+0000] {processor.py:161} INFO - Started process (PID=19) to work on /opt/airflow/dags/bionicpro_reports_daily.py
[2025-11-21T19:41:27.785+0000] {processor.py:830} INFO - Processing file /opt/airflow/dags/bionicpro_reports_daily.py for tasks to queue
[2025-11-21T19:41:27.786+0000] {logging_mixin.py:188} INFO - [2025-11-21T19:41:27.786+0000] {dagbag.py:540} INFO - Filling up the DagBag from /opt/airflow/dags/bionicpro_reports_daily.py
[2025-11-21T19:41:27.790+0000] {logging_mixin.py:188} INFO - [2025-11-21T19:41:27.788+0000] {dagbag.py:350} ERROR - Failed to import: /opt/airflow/dags/bionicpro_reports_daily.py
Traceback (most recent call last):
  File "/home/airflow/.local/lib/python3.12/site-packages/airflow/models/dagbag.py", line 346, in parse
    loader.exec_module(new_module)
  File "<frozen importlib._bootstrap_external>", line 991, in exec_module
  File "<frozen importlib._bootstrap_external>", line 1129, in get_code
  File "<frozen importlib._bootstrap_external>", line 1059, in source_to_code
  File "<frozen importlib._bootstrap>", line 488, in _call_with_frames_removed
  File "/opt/airflow/dags/bionicpro_reports_daily.py", line 1
    > Зайка:
    ^
SyntaxError: invalid syntax
[2025-11-21T19:41:27.791+0000] {processor.py:842} WARNING - No viable dags retrieved from /opt/airflow/dags/bionicpro_reports_daily.py
[2025-11-21T19:41:27.806+0000] {processor.py:183} INFO - Processing /opt/airflow/dags/bionicpro_reports_daily.py took 0.026 seconds
[2025-11-21T19:41:58.749+0000] {processor.py:161} INFO - Started process (PID=20) to work on /opt/airflow/dags/bionicpro_reports_daily.py
[2025-11-21T19:41:58.749+0000] {processor.py:830} INFO - Processing file /opt/airflow/dags/bionicpro_reports_daily.py for tasks to queue
[2025-11-21T19:41:58.751+0000] {logging_mixin.py:188} INFO - [2025-11-21T19:41:58.751+0000] {dagbag.py:540} INFO - Filling up the DagBag from /opt/airflow/dags/bionicpro_reports_daily.py
[2025-11-21T19:41:58.753+0000] {logging_mixin.py:188} INFO - [2025-11-21T19:41:58.752+0000] {dagbag.py:350} ERROR - Failed to import: /opt/airflow/dags/bionicpro_reports_daily.py
Traceback (most recent call last):
  File "/home/airflow/.local/lib/python3.12/site-packages/airflow/models/dagbag.py", line 346, in parse
    loader.exec_module(new_module)
  File "<frozen importlib._bootstrap_external>", line 991, in exec_module
  File "<frozen importlib._bootstrap_external>", line 1129, in get_code
  File "<frozen importlib._bootstrap_external>", line 1059, in source_to_code
  File "<frozen importlib._bootstrap>", line 488, in _call_with_frames_removed
  File "/opt/airflow/dags/bionicpro_reports_daily.py", line 1
    > Зайка:
    ^
SyntaxError: invalid syntax
[2025-11-21T19:41:58.754+0000] {processor.py:842} WARNING - No viable dags retrieved from /opt/airflow/dags/bionicpro_reports_daily.py
[2025-11-21T19:41:58.772+0000] {processor.py:183} INFO - Processing /opt/airflow/dags/bionicpro_reports_daily.py took 0.028 seconds
[2025-11-21T19:42:28.940+0000] {processor.py:161} INFO - Started process (PID=21) to work on /opt/airflow/dags/bionicpro_reports_daily.py
[2025-11-21T19:42:28.941+0000] {processor.py:830} INFO - Processing file /opt/airflow/dags/bionicpro_reports_daily.py for tasks to queue
[2025-11-21T19:42:28.942+0000] {logging_mixin.py:188} INFO - [2025-11-21T19:42:28.942+0000] {dagbag.py:540} INFO - Filling up the DagBag from /opt/airflow/dags/bionicpro_reports_daily.py
[2025-11-21T19:42:28.945+0000] {logging_mixin.py:188} INFO - [2025-11-21T19:42:28.944+0000] {dagbag.py:350} ERROR - Failed to import: /opt/airflow/dags/bionicpro_reports_daily.py
Traceback (most recent call last):
  File "/home/airflow/.local/lib/python3.12/site-packages/airflow/models/dagbag.py", line 346, in parse
    loader.exec_module(new_module)
  File "<frozen importlib._bootstrap_external>", line 991, in exec_module
  File "<frozen importlib._bootstrap_external>", line 1129, in get_code
  File "<frozen importlib._bootstrap_external>", line 1059, in source_to_code
  File "<frozen importlib._bootstrap>", line 488, in _call_with_frames_removed
  File "/opt/airflow/dags/bionicpro_reports_daily.py", line 1
    > Зайка:
    ^
SyntaxError: invalid syntax
[2025-11-21T19:42:28.945+0000] {processor.py:842} WARNING - No viable dags retrieved from /opt/airflow/dags/bionicpro_reports_daily.py
[2025-11-21T19:42:28.970+0000] {processor.py:183} INFO - Processing /opt/airflow/dags/bionicpro_reports_daily.py took 0.035 seconds
[2025-11-21T19:42:59.156+0000] {processor.py:161} INFO - Started process (PID=22) to work on /opt/airflow/dags/bionicpro_reports_daily.py
[2025-11-21T19:42:59.157+0000] {processor.py:830} INFO - Processing file /opt/airflow/dags/bionicpro_reports_daily.py for tasks to queue
[2025-11-21T19:42:59.158+0000] {logging_mixin.py:188} INFO - [2025-11-21T19:42:59.158+0000] {dagbag.py:540} INFO - Filling up the DagBag from /opt/airflow/dags/bionicpro_reports_daily.py
[2025-11-21T19:42:59.161+0000] {logging_mixin.py:188} INFO - [2025-11-21T19:42:59.160+0000] {dagbag.py:350} ERROR - Failed to import: /opt/airflow/dags/bionicpro_reports_daily.py
Traceback (most recent call last):
  File "/home/airflow/.local/lib/python3.12/site-packages/airflow/models/dagbag.py", line 346, in parse
    loader.exec_module(new_module)
  File "<frozen importlib._bootstrap_external>", line 991, in exec_module
  File "<frozen importlib._bootstrap_external>", line 1129, in get_code
  File "<frozen importlib._bootstrap_external>", line 1059, in source_to_code
  File "<frozen importlib._bootstrap>", line 488, in _call_with_frames_removed
  File "/opt/airflow/dags/bionicpro_reports_daily.py", line 1
    > Зайка:
    ^
SyntaxError: invalid syntax
[2025-11-21T19:42:59.161+0000] {processor.py:842} WARNING - No viable dags retrieved from /opt/airflow/dags/bionicpro_reports_daily.py
[2025-11-21T19:42:59.179+0000] {processor.py:183} INFO - Processing /opt/airflow/dags/bionicpro_reports_daily.py took 0.028 seconds
[2025-11-21T19:43:29.674+0000] {processor.py:161} INFO - Started process (PID=23) to work on /opt/airflow/dags/bionicpro_reports_daily.py
[2025-11-21T19:43:29.675+0000] {processor.py:830} INFO - Processing file /opt/airflow/dags/bionicpro_reports_daily.py for tasks to queue
[2025-11-21T19:43:29.677+0000] {logging_mixin.py:188} INFO - [2025-11-21T19:43:29.676+0000] {dagbag.py:540} INFO - Filling up the DagBag from /opt/airflow/dags/bionicpro_reports_daily.py
[2025-11-21T19:43:29.679+0000] {logging_mixin.py:188} INFO - [2025-11-21T19:43:29.678+0000] {dagbag.py:350} ERROR - Failed to import: /opt/airflow/dags/bionicpro_reports_daily.py
Traceback (most recent call last):
  File "/home/airflow/.local/lib/python3.12/site-packages/airflow/models/dagbag.py", line 346, in parse
    loader.exec_module(new_module)
  File "<frozen importlib._bootstrap_external>", line 991, in exec_module
  File "<frozen importlib._bootstrap_external>", line 1129, in get_code
  File "<frozen importlib._bootstrap_external>", line 1059, in source_to_code
  File "<frozen importlib._bootstrap>", line 488, in _call_with_frames_removed
  File "/opt/airflow/dags/bionicpro_reports_daily.py", line 1
    > Зайка:
    ^
SyntaxError: invalid syntax
[2025-11-21T19:43:29.680+0000] {processor.py:842} WARNING - No viable dags retrieved from /opt/airflow/dags/bionicpro_reports_daily.py
[2025-11-21T19:43:29.697+0000] {processor.py:183} INFO - Processing /opt/airflow/dags/bionicpro_reports_daily.py took 0.028 seconds
[2025-11-21T19:43:59.832+0000] {processor.py:161} INFO - Started process (PID=24) to work on /opt/airflow/dags/bionicpro_reports_daily.py
[2025-11-21T19:43:59.833+0000] {processor.py:830} INFO - Processing file /opt/airflow/dags/bionicpro_reports_daily.py for tasks to queue
[2025-11-21T19:43:59.835+0000] {logging_mixin.py:188} INFO - [2025-11-21T19:43:59.835+0000] {dagbag.py:540} INFO - Filling up the DagBag from /opt/airflow/dags/bionicpro_reports_daily.py
[2025-11-21T19:43:59.837+0000] {logging_mixin.py:188} INFO - [2025-11-21T19:43:59.837+0000] {dagbag.py:350} ERROR - Failed to import: /opt/airflow/dags/bionicpro_reports_daily.py
Traceback (most recent call last):
  File "/home/airflow/.local/lib/python3.12/site-packages/airflow/models/dagbag.py", line 346, in parse
    loader.exec_module(new_module)
  File "<frozen importlib._bootstrap_external>", line 991, in exec_module
  File "<frozen importlib._bootstrap_external>", line 1129, in get_code
  File "<frozen importlib._bootstrap_external>", line 1059, in source_to_code
  File "<frozen importlib._bootstrap>", line 488, in _call_with_frames_removed
  File "/opt/airflow/dags/bionicpro_reports_daily.py", line 1
    > Зайка:
    ^
SyntaxError: invalid syntax
[2025-11-21T19:43:59.838+0000] {processor.py:842} WARNING - No viable dags retrieved from /opt/airflow/dags/bionicpro_reports_daily.py
[2025-11-21T19:43:59.852+0000] {processor.py:183} INFO - Processing /opt/airflow/dags/bionicpro_reports_daily.py took 0.025 seconds
[2025-11-21T19:44:29.988+0000] {processor.py:161} INFO - Started process (PID=25) to work on /opt/airflow/dags/bionicpro_reports_daily.py
[2025-11-21T19:44:29.989+0000] {processor.py:830} INFO - Processing file /opt/airflow/dags/bionicpro_reports_daily.py for tasks to queue
[2025-11-21T19:44:29.991+0000] {logging_mixin.py:188} INFO - [2025-11-21T19:44:29.990+0000] {dagbag.py:540} INFO - Filling up the DagBag from /opt/airflow/dags/bionicpro_reports_daily.py
[2025-11-21T19:44:29.993+0000] {logging_mixin.py:188} INFO - [2025-11-21T19:44:29.992+0000] {dagbag.py:350} ERROR - Failed to import: /opt/airflow/dags/bionicpro_reports_daily.py
Traceback (most recent call last):
  File "/home/airflow/.local/lib/python3.12/site-packages/airflow/models/dagbag.py", line 346, in parse
    loader.exec_module(new_module)
  File "<frozen importlib._bootstrap_external>", line 991, in exec_module
  File "<frozen importlib._bootstrap_external>", line 1129, in get_code
  File "<frozen importlib._bootstrap_external>", line 1059, in source_to_code
  File "<frozen importlib._bootstrap>", line 488, in _call_with_frames_removed
  File "/opt/airflow/dags/bionicpro_reports_daily.py", line 1
    > Зайка:
    ^
SyntaxError: invalid syntax
[2025-11-21T19:44:29.994+0000] {processor.py:842} WARNING - No viable dags retrieved from /opt/airflow/dags/bionicpro_reports_daily.py
[2025-11-21T19:44:30.009+0000] {processor.py:183} INFO - Processing /opt/airflow/dags/bionicpro_reports_daily.py took 0.025 seconds
[2025-11-21T19:45:00.146+0000] {processor.py:161} INFO - Started process (PID=26) to work on /opt/airflow/dags/bionicpro_reports_daily.py
[2025-11-21T19:45:00.146+0000] {processor.py:830} INFO - Processing file /opt/airflow/dags/bionicpro_reports_daily.py for tasks to queue
[2025-11-21T19:45:00.148+0000] {logging_mixin.py:188} INFO - [2025-11-21T19:45:00.148+0000] {dagbag.py:540} INFO - Filling up the DagBag from /opt/airflow/dags/bionicpro_reports_daily.py
[2025-11-21T19:45:00.150+0000] {logging_mixin.py:188} INFO - [2025-11-21T19:45:00.149+0000] {dagbag.py:350} ERROR - Failed to import: /opt/airflow/dags/bionicpro_reports_daily.py
Traceback (most recent call last):
  File "/home/airflow/.local/lib/python3.12/site-packages/airflow/models/dagbag.py", line 346, in parse
    loader.exec_module(new_module)
  File "<frozen importlib._bootstrap_external>", line 991, in exec_module
  File "<frozen importlib._bootstrap_external>", line 1129, in get_code
  File "<frozen importlib._bootstrap_external>", line 1059, in source_to_code
  File "<frozen importlib._bootstrap>", line 488, in _call_with_frames_removed
  File "/opt/airflow/dags/bionicpro_reports_daily.py", line 1
    > Зайка:
    ^
SyntaxError: invalid syntax
[2025-11-21T19:45:00.151+0000] {processor.py:842} WARNING - No viable dags retrieved from /opt/airflow/dags/bionicpro_reports_daily.py
[2025-11-21T19:45:00.166+0000] {processor.py:183} INFO - Processing /opt/airflow/dags/bionicpro_reports_daily.py took 0.026 seconds
[2025-11-21T19:45:30.303+0000] {processor.py:161} INFO - Started process (PID=27) to work on /opt/airflow/dags/bionicpro_reports_daily.py
[2025-11-21T19:45:30.304+0000] {processor.py:830} INFO - Processing file /opt/airflow/dags/bionicpro_reports_daily.py for tasks to queue
[2025-11-21T19:45:30.305+0000] {logging_mixin.py:188} INFO - [2025-11-21T19:45:30.305+0000] {dagbag.py:540} INFO - Filling up the DagBag from /opt/airflow/dags/bionicpro_reports_daily.py
[2025-11-21T19:45:30.307+0000] {logging_mixin.py:188} INFO - [2025-11-21T19:45:30.307+0000] {dagbag.py:350} ERROR - Failed to import: /opt/airflow/dags/bionicpro_reports_daily.py
Traceback (most recent call last):
  File "/home/airflow/.local/lib/python3.12/site-packages/airflow/models/dagbag.py", line 346, in parse
    loader.exec_module(new_module)
  File "<frozen importlib._bootstrap_external>", line 991, in exec_module
  File "<frozen importlib._bootstrap_external>", line 1129, in get_code
  File "<frozen importlib._bootstrap_external>", line 1059, in source_to_code
  File "<frozen importlib._bootstrap>", line 488, in _call_with_frames_removed
  File "/opt/airflow/dags/bionicpro_reports_daily.py", line 1
    > Зайка:
    ^
SyntaxError: invalid syntax
[2025-11-21T19:45:30.308+0000] {processor.py:842} WARNING - No viable dags retrieved from /opt/airflow/dags/bionicpro_reports_daily.py
[2025-11-21T19:45:30.327+0000] {processor.py:183} INFO - Processing /opt/airflow/dags/bionicpro_reports_daily.py took 0.029 seconds
[2025-11-21T19:46:00.426+0000] {processor.py:161} INFO - Started process (PID=28) to work on /opt/airflow/dags/bionicpro_reports_daily.py
[2025-11-21T19:46:00.426+0000] {processor.py:830} INFO - Processing file /opt/airflow/dags/bionicpro_reports_daily.py for tasks to queue
[2025-11-21T19:46:00.428+0000] {logging_mixin.py:188} INFO - [2025-11-21T19:46:00.428+0000] {dagbag.py:540} INFO - Filling up the DagBag from /opt/airflow/dags/bionicpro_reports_daily.py
[2025-11-21T19:46:00.430+0000] {logging_mixin.py:188} INFO - [2025-11-21T19:46:00.429+0000] {dagbag.py:350} ERROR - Failed to import: /opt/airflow/dags/bionicpro_reports_daily.py
Traceback (most recent call last):
  File "/home/airflow/.local/lib/python3.12/site-packages/airflow/models/dagbag.py", line 346, in parse
    loader.exec_module(new_module)
  File "<frozen importlib._bootstrap_external>", line 991, in exec_module
  File "<frozen importlib._bootstrap_external>", line 1129, in get_code
  File "<frozen importlib._bootstrap_external>", line 1059, in source_to_code
  File "<frozen importlib._bootstrap>", line 488, in _call_with_frames_removed
  File "/opt/airflow/dags/bionicpro_reports_daily.py", line 1
    > Зайка:
    ^
SyntaxError: invalid syntax
[2025-11-21T19:46:00.431+0000] {processor.py:842} WARNING - No viable dags retrieved from /opt/airflow/dags/bionicpro_reports_daily.py
[2025-11-21T19:46:00.447+0000] {processor.py:183} INFO - Processing /opt/airflow/dags/bionicpro_reports_daily.py took 0.027 seconds
[2025-11-21T19:46:30.586+0000] {processor.py:161} INFO - Started process (PID=29) to work on /opt/airflow/dags/bionicpro_reports_daily.py
[2025-11-21T19:46:30.587+0000] {processor.py:830} INFO - Processing file /opt/airflow/dags/bionicpro_reports_daily.py for tasks to queue
[2025-11-21T19:46:30.589+0000] {logging_mixin.py:188} INFO - [2025-11-21T19:46:30.589+0000] {dagbag.py:540} INFO - Filling up the DagBag from /opt/airflow/dags/bionicpro_reports_daily.py
[2025-11-21T19:46:30.592+0000] {logging_mixin.py:188} INFO - [2025-11-21T19:46:30.591+0000] {dagbag.py:350} ERROR - Failed to import: /opt/airflow/dags/bionicpro_reports_daily.py
Traceback (most recent call last):
  File "/home/airflow/.local/lib/python3.12/site-packages/airflow/models/dagbag.py", line 346, in parse
    loader.exec_module(new_module)
  File "<frozen importlib._bootstrap_external>", line 991, in exec_module
  File "<frozen importlib._bootstrap_external>", line 1129, in get_code
  File "<frozen importlib._bootstrap_external>", line 1059, in source_to_code
  File "<frozen importlib._bootstrap>", line 488, in _call_with_frames_removed
  File "/opt/airflow/dags/bionicpro_reports_daily.py", line 1
    > Зайка:
    ^
SyntaxError: invalid syntax
[2025-11-21T19:46:30.593+0000] {processor.py:842} WARNING - No viable dags retrieved from /opt/airflow/dags/bionicpro_reports_daily.py
[2025-11-21T19:46:30.616+0000] {processor.py:183} INFO - Processing /opt/airflow/dags/bionicpro_reports_daily.py took 0.037 seconds
[2025-11-21T19:47:00.743+0000] {processor.py:161} INFO - Started process (PID=30) to work on /opt/airflow/dags/bionicpro_reports_daily.py
[2025-11-21T19:47:00.743+0000] {processor.py:830} INFO - Processing file /opt/airflow/dags/bionicpro_reports_daily.py for tasks to queue
[2025-11-21T19:47:00.745+0000] {logging_mixin.py:188} INFO - [2025-11-21T19:47:00.745+0000] {dagbag.py:540} INFO - Filling up the DagBag from /opt/airflow/dags/bionicpro_reports_daily.py
[2025-11-21T19:47:00.747+0000] {logging_mixin.py:188} INFO - [2025-11-21T19:47:00.747+0000] {dagbag.py:350} ERROR - Failed to import: /opt/airflow/dags/bionicpro_reports_daily.py
Traceback (most recent call last):
  File "/home/airflow/.local/lib/python3.12/site-packages/airflow/models/dagbag.py", line 346, in parse
    loader.exec_module(new_module)
  File "<frozen importlib._bootstrap_external>", line 991, in exec_module
  File "<frozen importlib._bootstrap_external>", line 1129, in get_code
  File "<frozen importlib._bootstrap_external>", line 1059, in source_to_code
  File "<frozen importlib._bootstrap>", line 488, in _call_with_frames_removed
  File "/opt/airflow/dags/bionicpro_reports_daily.py", line 1
    > Зайка:
    ^
SyntaxError: invalid syntax
[2025-11-21T19:47:00.748+0000] {processor.py:842} WARNING - No viable dags retrieved from /opt/airflow/dags/bionicpro_reports_daily.py
[2025-11-21T19:47:00.765+0000] {processor.py:183} INFO - Processing /opt/airflow/dags/bionicpro_reports_daily.py took 0.028 seconds
[2025-11-21T19:47:30.900+0000] {processor.py:161} INFO - Started process (PID=31) to work on /opt/airflow/dags/bionicpro_reports_daily.py
[2025-11-21T19:47:30.901+0000] {processor.py:830} INFO - Processing file /opt/airflow/dags/bionicpro_reports_daily.py for tasks to queue
[2025-11-21T19:47:30.902+0000] {logging_mixin.py:188} INFO - [2025-11-21T19:47:30.902+0000] {dagbag.py:540} INFO - Filling up the DagBag from /opt/airflow/dags/bionicpro_reports_daily.py
[2025-11-21T19:47:30.905+0000] {logging_mixin.py:188} INFO - [2025-11-21T19:47:30.904+0000] {dagbag.py:350} ERROR - Failed to import: /opt/airflow/dags/bionicpro_reports_daily.py
Traceback (most recent call last):
  File "/home/airflow/.local/lib/python3.12/site-packages/airflow/models/dagbag.py", line 346, in parse
    loader.exec_module(new_module)
  File "<frozen importlib._bootstrap_external>", line 991, in exec_module
  File "<frozen importlib._bootstrap_external>", line 1129, in get_code
  File "<frozen importlib._bootstrap_external>", line 1059, in source_to_code
  File "<frozen importlib._bootstrap>", line 488, in _call_with_frames_removed
  File "/opt/airflow/dags/bionicpro_reports_daily.py", line 1
    > Зайка:
    ^
SyntaxError: invalid syntax
[2025-11-21T19:47:30.905+0000] {processor.py:842} WARNING - No viable dags retrieved from /opt/airflow/dags/bionicpro_reports_daily.py
[2025-11-21T19:47:30.927+0000] {processor.py:183} INFO - Processing /opt/airflow/dags/bionicpro_reports_daily.py took 0.032 seconds
[2025-11-21T19:48:01.058+0000] {processor.py:161} INFO - Started process (PID=32) to work on /opt/airflow/dags/bionicpro_reports_daily.py
[2025-11-21T19:48:01.059+0000] {processor.py:830} INFO - Processing file /opt/airflow/dags/bionicpro_reports_daily.py for tasks to queue
[2025-11-21T19:48:01.061+0000] {logging_mixin.py:188} INFO - [2025-11-21T19:48:01.060+0000] {dagbag.py:540} INFO - Filling up the DagBag from /opt/airflow/dags/bionicpro_reports_daily.py
[2025-11-21T19:48:01.063+0000] {logging_mixin.py:188} INFO - [2025-11-21T19:48:01.062+0000] {dagbag.py:350} ERROR - Failed to import: /opt/airflow/dags/bionicpro_reports_daily.py
Traceback (most recent call last):
  File "/home/airflow/.local/lib/python3.12/site-packages/airflow/models/dagbag.py", line 346, in parse
    loader.exec_module(new_module)
  File "<frozen importlib._bootstrap_external>", line 991, in exec_module
  File "<frozen importlib._bootstrap_external>", line 1129, in get_code
  File "<frozen importlib._bootstrap_external>", line 1059, in source_to_code
  File "<frozen importlib._bootstrap>", line 488, in _call_with_frames_removed
  File "/opt/airflow/dags/bionicpro_reports_daily.py", line 1
    > Зайка:
    ^
SyntaxError: invalid syntax
[2025-11-21T19:48:01.063+0000] {processor.py:842} WARNING - No viable dags retrieved from /opt/airflow/dags/bionicpro_reports_daily.py
[2025-11-21T19:48:01.081+0000] {processor.py:183} INFO - Processing /opt/airflow/dags/bionicpro_reports_daily.py took 0.028 seconds
[2025-11-21T19:48:31.215+0000] {processor.py:161} INFO - Started process (PID=33) to work on /opt/airflow/dags/bionicpro_reports_daily.py
[2025-11-21T19:48:31.216+0000] {processor.py:830} INFO - Processing file /opt/airflow/dags/bionicpro_reports_daily.py for tasks to queue
[2025-11-21T19:48:31.218+0000] {logging_mixin.py:188} INFO - [2025-11-21T19:48:31.217+0000] {dagbag.py:540} INFO - Filling up the DagBag from /opt/airflow/dags/bionicpro_reports_daily.py
[2025-11-21T19:48:31.220+0000] {logging_mixin.py:188} INFO - [2025-11-21T19:48:31.219+0000] {dagbag.py:350} ERROR - Failed to import: /opt/airflow/dags/bionicpro_reports_daily.py
Traceback (most recent call last):
  File "/home/airflow/.local/lib/python3.12/site-packages/airflow/models/dagbag.py", line 346, in parse
    loader.exec_module(new_module)
  File "<frozen importlib._bootstrap_external>", line 991, in exec_module
  File "<frozen importlib._bootstrap_external>", line 1129, in get_code
  File "<frozen importlib._bootstrap_external>", line 1059, in source_to_code
  File "<frozen importlib._bootstrap>", line 488, in _call_with_frames_removed
  File "/opt/airflow/dags/bionicpro_reports_daily.py", line 1
    > Зайка:
    ^
SyntaxError: invalid syntax
[2025-11-21T19:48:31.220+0000] {processor.py:842} WARNING - No viable dags retrieved from /opt/airflow/dags/bionicpro_reports_daily.py
[2025-11-21T19:48:31.236+0000] {processor.py:183} INFO - Processing /opt/airflow/dags/bionicpro_reports_daily.py took 0.026 seconds
[2025-11-21T19:49:01.372+0000] {processor.py:161} INFO - Started process (PID=34) to work on /opt/airflow/dags/bionicpro_reports_daily.py
[2025-11-21T19:49:01.373+0000] {processor.py:830} INFO - Processing file /opt/airflow/dags/bionicpro_reports_daily.py for tasks to queue
[2025-11-21T19:49:01.374+0000] {logging_mixin.py:188} INFO - [2025-11-21T19:49:01.374+0000] {dagbag.py:540} INFO - Filling up the DagBag from /opt/airflow/dags/bionicpro_reports_daily.py
[2025-11-21T19:49:01.377+0000] {logging_mixin.py:188} INFO - [2025-11-21T19:49:01.376+0000] {dagbag.py:350} ERROR - Failed to import: /opt/airflow/dags/bionicpro_reports_daily.py
Traceback (most recent call last):
  File "/home/airflow/.local/lib/python3.12/site-packages/airflow/models/dagbag.py", line 346, in parse
    loader.exec_module(new_module)
  File "<frozen importlib._bootstrap_external>", line 991, in exec_module
  File "<frozen importlib._bootstrap_external>", line 1129, in get_code
  File "<frozen importlib._bootstrap_external>", line 1059, in source_to_code
  File "<frozen importlib._bootstrap>", line 488, in _call_with_frames_removed
  File "/opt/airflow/dags/bionicpro_reports_daily.py", line 1
    > Зайка:
    ^
SyntaxError: invalid syntax
[2025-11-21T19:49:01.378+0000] {processor.py:842} WARNING - No viable dags retrieved from /opt/airflow/dags/bionicpro_reports_daily.py
[2025-11-21T19:49:01.393+0000] {processor.py:183} INFO - Processing /opt/airflow/dags/bionicpro_reports_daily.py took 0.026 seconds
[2025-11-21T19:49:31.529+0000] {processor.py:161} INFO - Started process (PID=35) to work on /opt/airflow/dags/bionicpro_reports_daily.py
[2025-11-21T19:49:31.530+0000] {processor.py:830} INFO - Processing file /opt/airflow/dags/bionicpro_reports_daily.py for tasks to queue
[2025-11-21T19:49:31.532+0000] {logging_mixin.py:188} INFO - [2025-11-21T19:49:31.531+0000] {dagbag.py:540} INFO - Filling up the DagBag from /opt/airflow/dags/bionicpro_reports_daily.py
[2025-11-21T19:49:31.534+0000] {logging_mixin.py:188} INFO - [2025-11-21T19:49:31.533+0000] {dagbag.py:350} ERROR - Failed to import: /opt/airflow/dags/bionicpro_reports_daily.py
Traceback (most recent call last):
  File "/home/airflow/.local/lib/python3.12/site-packages/airflow/models/dagbag.py", line 346, in parse
    loader.exec_module(new_module)
  File "<frozen importlib._bootstrap_external>", line 991, in exec_module
  File "<frozen importlib._bootstrap_external>", line 1129, in get_code
  File "<frozen importlib._bootstrap_external>", line 1059, in source_to_code
  File "<frozen importlib._bootstrap>", line 488, in _call_with_frames_removed
  File "/opt/airflow/dags/bionicpro_reports_daily.py", line 1
    > Зайка:
    ^
SyntaxError: invalid syntax
[2025-11-21T19:49:31.534+0000] {processor.py:842} WARNING - No viable dags retrieved from /opt/airflow/dags/bionicpro_reports_daily.py
[2025-11-21T19:49:31.550+0000] {processor.py:183} INFO - Processing /opt/airflow/dags/bionicpro_reports_daily.py took 0.026 seconds
[2025-11-21T19:50:01.688+0000] {processor.py:161} INFO - Started process (PID=36) to work on /opt/airflow/dags/bionicpro_reports_daily.py
[2025-11-21T19:50:01.689+0000] {processor.py:830} INFO - Processing file /opt/airflow/dags/bionicpro_reports_daily.py for tasks to queue
[2025-11-21T19:50:01.690+0000] {logging_mixin.py:188} INFO - [2025-11-21T19:50:01.690+0000] {dagbag.py:540} INFO - Filling up the DagBag from /opt/airflow/dags/bionicpro_reports_daily.py
[2025-11-21T19:50:01.693+0000] {logging_mixin.py:188} INFO - [2025-11-21T19:50:01.692+0000] {dagbag.py:350} ERROR - Failed to import: /opt/airflow/dags/bionicpro_reports_daily.py
Traceback (most recent call last):
  File "/home/airflow/.local/lib/python3.12/site-packages/airflow/models/dagbag.py", line 346, in parse
    loader.exec_module(new_module)
  File "<frozen importlib._bootstrap_external>", line 991, in exec_module
  File "<frozen importlib._bootstrap_external>", line 1129, in get_code
  File "<frozen importlib._bootstrap_external>", line 1059, in source_to_code
  File "<frozen importlib._bootstrap>", line 488, in _call_with_frames_removed
  File "/opt/airflow/dags/bionicpro_reports_daily.py", line 1
    > Зайка:
    ^
SyntaxError: invalid syntax
[2025-11-21T19:50:01.693+0000] {processor.py:842} WARNING - No viable dags retrieved from /opt/airflow/dags/bionicpro_reports_daily.py
[2025-11-21T19:50:01.708+0000] {processor.py:183} INFO - Processing /opt/airflow/dags/bionicpro_reports_daily.py took 0.025 seconds
[2025-11-21T19:50:31.845+0000] {processor.py:161} INFO - Started process (PID=37) to work on /opt/airflow/dags/bionicpro_reports_daily.py
[2025-11-21T19:50:31.845+0000] {processor.py:830} INFO - Processing file /opt/airflow/dags/bionicpro_reports_daily.py for tasks to queue
[2025-11-21T19:50:31.847+0000] {logging_mixin.py:188} INFO - [2025-11-21T19:50:31.847+0000] {dagbag.py:540} INFO - Filling up the DagBag from /opt/airflow/dags/bionicpro_reports_daily.py
[2025-11-21T19:50:31.850+0000] {logging_mixin.py:188} INFO - [2025-11-21T19:50:31.849+0000] {dagbag.py:350} ERROR - Failed to import: /opt/airflow/dags/bionicpro_reports_daily.py
Traceback (most recent call last):
  File "/home/airflow/.local/lib/python3.12/site-packages/airflow/models/dagbag.py", line 346, in parse
    loader.exec_module(new_module)
  File "<frozen importlib._bootstrap_external>", line 991, in exec_module
  File "<frozen importlib._bootstrap_external>", line 1129, in get_code
  File "<frozen importlib._bootstrap_external>", line 1059, in source_to_code
  File "<frozen importlib._bootstrap>", line 488, in _call_with_frames_removed
  File "/opt/airflow/dags/bionicpro_reports_daily.py", line 1
    > Зайка:
    ^
SyntaxError: invalid syntax
[2025-11-21T19:50:31.850+0000] {processor.py:842} WARNING - No viable dags retrieved from /opt/airflow/dags/bionicpro_reports_daily.py
[2025-11-21T19:50:31.865+0000] {processor.py:183} INFO - Processing /opt/airflow/dags/bionicpro_reports_daily.py took 0.025 seconds
[2025-11-21T19:51:02.010+0000] {processor.py:161} INFO - Started process (PID=38) to work on /opt/airflow/dags/bionicpro_reports_daily.py
[2025-11-21T19:51:02.011+0000] {processor.py:830} INFO - Processing file /opt/airflow/dags/bionicpro_reports_daily.py for tasks to queue
[2025-11-21T19:51:02.012+0000] {logging_mixin.py:188} INFO - [2025-11-21T19:51:02.012+0000] {dagbag.py:540} INFO - Filling up the DagBag from /opt/airflow/dags/bionicpro_reports_daily.py
[2025-11-21T19:51:02.015+0000] {logging_mixin.py:188} INFO - [2025-11-21T19:51:02.014+0000] {dagbag.py:350} ERROR - Failed to import: /opt/airflow/dags/bionicpro_reports_daily.py
Traceback (most recent call last):
  File "/home/airflow/.local/lib/python3.12/site-packages/airflow/models/dagbag.py", line 346, in parse
    loader.exec_module(new_module)
  File "<frozen importlib._bootstrap_external>", line 991, in exec_module
  File "<frozen importlib._bootstrap_external>", line 1129, in get_code
  File "<frozen importlib._bootstrap_external>", line 1059, in source_to_code
  File "<frozen importlib._bootstrap>", line 488, in _call_with_frames_removed
  File "/opt/airflow/dags/bionicpro_reports_daily.py", line 1
    > Зайка:
    ^
SyntaxError: invalid syntax
[2025-11-21T19:51:02.015+0000] {processor.py:842} WARNING - No viable dags retrieved from /opt/airflow/dags/bionicpro_reports_daily.py
[2025-11-21T19:51:02.034+0000] {processor.py:183} INFO - Processing /opt/airflow/dags/bionicpro_reports_daily.py took 0.030 seconds
[2025-11-21T19:51:32.188+0000] {processor.py:161} INFO - Started process (PID=39) to work on /opt/airflow/dags/bionicpro_reports_daily.py
[2025-11-21T19:51:32.189+0000] {processor.py:830} INFO - Processing file /opt/airflow/dags/bionicpro_reports_daily.py for tasks to queue
[2025-11-21T19:51:32.192+0000] {logging_mixin.py:188} INFO - [2025-11-21T19:51:32.192+0000] {dagbag.py:540} INFO - Filling up the DagBag from /opt/airflow/dags/bionicpro_reports_daily.py
[2025-11-21T19:51:32.196+0000] {logging_mixin.py:188} INFO - [2025-11-21T19:51:32.195+0000] {dagbag.py:350} ERROR - Failed to import: /opt/airflow/dags/bionicpro_reports_daily.py
Traceback (most recent call last):
  File "/home/airflow/.local/lib/python3.12/site-packages/airflow/models/dagbag.py", line 346, in parse
    loader.exec_module(new_module)
  File "<frozen importlib._bootstrap_external>", line 991, in exec_module
  File "<frozen importlib._bootstrap_external>", line 1129, in get_code
  File "<frozen importlib._bootstrap_external>", line 1059, in source_to_code
  File "<frozen importlib._bootstrap>", line 488, in _call_with_frames_removed
  File "/opt/airflow/dags/bionicpro_reports_daily.py", line 1
    > Зайка:
    ^
SyntaxError: invalid syntax
[2025-11-21T19:51:32.197+0000] {processor.py:842} WARNING - No viable dags retrieved from /opt/airflow/dags/bionicpro_reports_daily.py
[2025-11-21T19:51:32.214+0000] {processor.py:183} INFO - Processing /opt/airflow/dags/bionicpro_reports_daily.py took 0.035 seconds
[2025-11-21T19:52:02.335+0000] {processor.py:161} INFO - Started process (PID=40) to work on /opt/airflow/dags/bionicpro_reports_daily.py
[2025-11-21T19:52:02.336+0000] {processor.py:830} INFO - Processing file /opt/airflow/dags/bionicpro_reports_daily.py for tasks to queue
[2025-11-21T19:52:02.337+0000] {logging_mixin.py:188} INFO - [2025-11-21T19:52:02.337+0000] {dagbag.py:540} INFO - Filling up the DagBag from /opt/airflow/dags/bionicpro_reports_daily.py
[2025-11-21T19:52:02.339+0000] {logging_mixin.py:188} INFO - [2025-11-21T19:52:02.339+0000] {dagbag.py:350} ERROR - Failed to import: /opt/airflow/dags/bionicpro_reports_daily.py
Traceback (most recent call last):
  File "/home/airflow/.local/lib/python3.12/site-packages/airflow/models/dagbag.py", line 346, in parse
    loader.exec_module(new_module)
  File "<frozen importlib._bootstrap_external>", line 991, in exec_module
  File "<frozen importlib._bootstrap_external>", line 1129, in get_code
  File "<frozen importlib._bootstrap_external>", line 1059, in source_to_code
  File "<frozen importlib._bootstrap>", line 488, in _call_with_frames_removed
  File "/opt/airflow/dags/bionicpro_reports_daily.py", line 1
    > Зайка:
    ^
SyntaxError: invalid syntax
[2025-11-21T19:52:02.340+0000] {processor.py:842} WARNING - No viable dags retrieved from /opt/airflow/dags/bionicpro_reports_daily.py
[2025-11-21T19:52:02.355+0000] {processor.py:183} INFO - Processing /opt/airflow/dags/bionicpro_reports_daily.py took 0.025 seconds
[2025-11-21T19:52:32.503+0000] {processor.py:161} INFO - Started process (PID=41) to work on /opt/airflow/dags/bionicpro_reports_daily.py
[2025-11-21T19:52:32.504+0000] {processor.py:830} INFO - Processing file /opt/airflow/dags/bionicpro_reports_daily.py for tasks to queue
[2025-11-21T19:52:32.505+0000] {logging_mixin.py:188} INFO - [2025-11-21T19:52:32.505+0000] {dagbag.py:540} INFO - Filling up the DagBag from /opt/airflow/dags/bionicpro_reports_daily.py
[2025-11-21T19:52:32.509+0000] {logging_mixin.py:188} INFO - [2025-11-21T19:52:32.507+0000] {dagbag.py:350} ERROR - Failed to import: /opt/airflow/dags/bionicpro_reports_daily.py
Traceback (most recent call last):
  File "/home/airflow/.local/lib/python3.12/site-packages/airflow/models/dagbag.py", line 346, in parse
    loader.exec_module(new_module)
  File "<frozen importlib._bootstrap_external>", line 991, in exec_module
  File "<frozen importlib._bootstrap_external>", line 1129, in get_code
  File "<frozen importlib._bootstrap_external>", line 1059, in source_to_code
  File "<frozen importlib._bootstrap>", line 488, in _call_with_frames_removed
  File "/opt/airflow/dags/bionicpro_reports_daily.py", line 1
    > Зайка:
    ^
SyntaxError: invalid syntax
[2025-11-21T19:52:32.509+0000] {processor.py:842} WARNING - No viable dags retrieved from /opt/airflow/dags/bionicpro_reports_daily.py
[2025-11-21T19:52:32.527+0000] {processor.py:183} INFO - Processing /opt/airflow/dags/bionicpro_reports_daily.py took 0.029 seconds
[2025-11-21T19:53:02.670+0000] {processor.py:161} INFO - Started process (PID=42) to work on /opt/airflow/dags/bionicpro_reports_daily.py
[2025-11-21T19:53:02.670+0000] {processor.py:830} INFO - Processing file /opt/airflow/dags/bionicpro_reports_daily.py for tasks to queue
[2025-11-21T19:53:02.672+0000] {logging_mixin.py:188} INFO - [2025-11-21T19:53:02.672+0000] {dagbag.py:540} INFO - Filling up the DagBag from /opt/airflow/dags/bionicpro_reports_daily.py
[2025-11-21T19:53:02.674+0000] {logging_mixin.py:188} INFO - [2025-11-21T19:53:02.674+0000] {dagbag.py:350} ERROR - Failed to import: /opt/airflow/dags/bionicpro_reports_daily.py
Traceback (most recent call last):
  File "/home/airflow/.local/lib/python3.12/site-packages/airflow/models/dagbag.py", line 346, in parse
    loader.exec_module(new_module)
  File "<frozen importlib._bootstrap_external>", line 991, in exec_module
  File "<frozen importlib._bootstrap_external>", line 1129, in get_code
  File "<frozen importlib._bootstrap_external>", line 1059, in source_to_code
  File "<frozen importlib._bootstrap>", line 488, in _call_with_frames_removed
  File "/opt/airflow/dags/bionicpro_reports_daily.py", line 1
    > Зайка:
    ^
SyntaxError: invalid syntax
[2025-11-21T19:53:02.675+0000] {processor.py:842} WARNING - No viable dags retrieved from /opt/airflow/dags/bionicpro_reports_daily.py
[2025-11-21T19:53:02.689+0000] {processor.py:183} INFO - Processing /opt/airflow/dags/bionicpro_reports_daily.py took 0.024 seconds
[2025-11-21T19:53:32.829+0000] {processor.py:161} INFO - Started process (PID=43) to work on /opt/airflow/dags/bionicpro_reports_daily.py
[2025-11-21T19:53:32.830+0000] {processor.py:830} INFO - Processing file /opt/airflow/dags/bionicpro_reports_daily.py for tasks to queue
[2025-11-21T19:53:32.831+0000] {logging_mixin.py:188} INFO - [2025-11-21T19:53:32.831+0000] {dagbag.py:540} INFO - Filling up the DagBag from /opt/airflow/dags/bionicpro_reports_daily.py
[2025-11-21T19:53:32.834+0000] {logging_mixin.py:188} INFO - [2025-11-21T19:53:32.833+0000] {dagbag.py:350} ERROR - Failed to import: /opt/airflow/dags/bionicpro_reports_daily.py
Traceback (most recent call last):
  File "/home/airflow/.local/lib/python3.12/site-packages/airflow/models/dagbag.py", line 346, in parse
    loader.exec_module(new_module)
  File "<frozen importlib._bootstrap_external>", line 991, in exec_module
  File "<frozen importlib._bootstrap_external>", line 1129, in get_code
  File "<frozen importlib._bootstrap_external>", line 1059, in source_to_code
  File "<frozen importlib._bootstrap>", line 488, in _call_with_frames_removed
  File "/opt/airflow/dags/bionicpro_reports_daily.py", line 1
    > Зайка:
    ^
SyntaxError: invalid syntax
[2025-11-21T19:53:32.834+0000] {processor.py:842} WARNING - No viable dags retrieved from /opt/airflow/dags/bionicpro_reports_daily.py
[2025-11-21T19:53:32.851+0000] {processor.py:183} INFO - Processing /opt/airflow/dags/bionicpro_reports_daily.py took 0.027 seconds
[2025-11-21T19:54:02.987+0000] {processor.py:161} INFO - Started process (PID=44) to work on /opt/airflow/dags/bionicpro_reports_daily.py
[2025-11-21T19:54:02.988+0000] {processor.py:830} INFO - Processing file /opt/airflow/dags/bionicpro_reports_daily.py for tasks to queue
[2025-11-21T19:54:02.990+0000] {logging_mixin.py:188} INFO - [2025-11-21T19:54:02.990+0000] {dagbag.py:540} INFO - Filling up the DagBag from /opt/airflow/dags/bionicpro_reports_daily.py
[2025-11-21T19:54:02.992+0000] {logging_mixin.py:188} INFO - [2025-11-21T19:54:02.992+0000] {dagbag.py:350} ERROR - Failed to import: /opt/airflow/dags/bionicpro_reports_daily.py
Traceback (most recent call last):
  File "/home/airflow/.local/lib/python3.12/site-packages/airflow/models/dagbag.py", line 346, in parse
    loader.exec_module(new_module)
  File "<frozen importlib._bootstrap_external>", line 991, in exec_module
  File "<frozen importlib._bootstrap_external>", line 1129, in get_code
  File "<frozen importlib._bootstrap_external>", line 1059, in source_to_code
  File "<frozen importlib._bootstrap>", line 488, in _call_with_frames_removed
  File "/opt/airflow/dags/bionicpro_reports_daily.py", line 1
    > Зайка:
    ^
SyntaxError: invalid syntax
[2025-11-21T19:54:02.993+0000] {processor.py:842} WARNING - No viable dags retrieved from /opt/airflow/dags/bionicpro_reports_daily.py
[2025-11-21T19:54:03.010+0000] {processor.py:183} INFO - Processing /opt/airflow/dags/bionicpro_reports_daily.py took 0.028 seconds
[2025-11-21T19:54:33.146+0000] {processor.py:161} INFO - Started process (PID=45) to work on /opt/airflow/dags/bionicpro_reports_daily.py
[2025-11-21T19:54:33.146+0000] {processor.py:830} INFO - Processing file /opt/airflow/dags/bionicpro_reports_daily.py for tasks to queue
[2025-11-21T19:54:33.148+0000] {logging_mixin.py:188} INFO - [2025-11-21T19:54:33.148+0000] {dagbag.py:540} INFO - Filling up the DagBag from /opt/airflow/dags/bionicpro_reports_daily.py
[2025-11-21T19:54:33.150+0000] {logging_mixin.py:188} INFO - [2025-11-21T19:54:33.150+0000] {dagbag.py:350} ERROR - Failed to import: /opt/airflow/dags/bionicpro_reports_daily.py
Traceback (most recent call last):
  File "/home/airflow/.local/lib/python3.12/site-packages/airflow/models/dagbag.py", line 346, in parse
    loader.exec_module(new_module)
  File "<frozen importlib._bootstrap_external>", line 991, in exec_module
  File "<frozen importlib._bootstrap_external>", line 1129, in get_code
  File "<frozen importlib._bootstrap_external>", line 1059, in source_to_code
  File "<frozen importlib._bootstrap>", line 488, in _call_with_frames_removed
  File "/opt/airflow/dags/bionicpro_reports_daily.py", line 1
    > Зайка:
    ^
SyntaxError: invalid syntax
[2025-11-21T19:54:33.151+0000] {processor.py:842} WARNING - No viable dags retrieved from /opt/airflow/dags/bionicpro_reports_daily.py
[2025-11-21T19:54:33.166+0000] {processor.py:183} INFO - Processing /opt/airflow/dags/bionicpro_reports_daily.py took 0.025 seconds
[2025-11-21T19:55:03.303+0000] {processor.py:161} INFO - Started process (PID=46) to work on /opt/airflow/dags/bionicpro_reports_daily.py
[2025-11-21T19:55:03.304+0000] {processor.py:830} INFO - Processing file /opt/airflow/dags/bionicpro_reports_daily.py for tasks to queue
[2025-11-21T19:55:03.306+0000] {logging_mixin.py:188} INFO - [2025-11-21T19:55:03.305+0000] {dagbag.py:540} INFO - Filling up the DagBag from /opt/airflow/dags/bionicpro_reports_daily.py
[2025-11-21T19:55:03.308+0000] {logging_mixin.py:188} INFO - [2025-11-21T19:55:03.307+0000] {dagbag.py:350} ERROR - Failed to import: /opt/airflow/dags/bionicpro_reports_daily.py
Traceback (most recent call last):
  File "/home/airflow/.local/lib/python3.12/site-packages/airflow/models/dagbag.py", line 346, in parse
    loader.exec_module(new_module)
  File "<frozen importlib._bootstrap_external>", line 991, in exec_module
  File "<frozen importlib._bootstrap_external>", line 1129, in get_code
  File "<frozen importlib._bootstrap_external>", line 1059, in source_to_code
  File "<frozen importlib._bootstrap>", line 488, in _call_with_frames_removed
  File "/opt/airflow/dags/bionicpro_reports_daily.py", line 1
    > Зайка:
    ^
SyntaxError: invalid syntax
[2025-11-21T19:55:03.308+0000] {processor.py:842} WARNING - No viable dags retrieved from /opt/airflow/dags/bionicpro_reports_daily.py
[2025-11-21T19:55:03.323+0000] {processor.py:183} INFO - Processing /opt/airflow/dags/bionicpro_reports_daily.py took 0.025 seconds
[2025-11-21T19:55:33.463+0000] {processor.py:161} INFO - Started process (PID=47) to work on /opt/airflow/dags/bionicpro_reports_daily.py
[2025-11-21T19:55:33.464+0000] {processor.py:830} INFO - Processing file /opt/airflow/dags/bionicpro_reports_daily.py for tasks to queue
[2025-11-21T19:55:33.466+0000] {logging_mixin.py:188} INFO - [2025-11-21T19:55:33.465+0000] {dagbag.py:540} INFO - Filling up the DagBag from /opt/airflow/dags/bionicpro_reports_daily.py
[2025-11-21T19:55:33.468+0000] {logging_mixin.py:188} INFO - [2025-11-21T19:55:33.467+0000] {dagbag.py:350} ERROR - Failed to import: /opt/airflow/dags/bionicpro_reports_daily.py
Traceback (most recent call last):
  File "/home/airflow/.local/lib/python3.12/site-packages/airflow/models/dagbag.py", line 346, in parse
    loader.exec_module(new_module)
  File "<frozen importlib._bootstrap_external>", line 991, in exec_module
  File "<frozen importlib._bootstrap_external>", line 1129, in get_code
  File "<frozen importlib._bootstrap_external>", line 1059, in source_to_code
  File "<frozen importlib._bootstrap>", line 488, in _call_with_frames_removed
  File "/opt/airflow/dags/bionicpro_reports_daily.py", line 1
    > Зайка:
    ^
SyntaxError: invalid syntax
[2025-11-21T19:55:33.468+0000] {processor.py:842} WARNING - No viable dags retrieved from /opt/airflow/dags/bionicpro_reports_daily.py
[2025-11-21T19:55:33.484+0000] {processor.py:183} INFO - Processing /opt/airflow/dags/bionicpro_reports_daily.py took 0.026 seconds
[2025-11-21T19:56:03.587+0000] {processor.py:161} INFO - Started process (PID=48) to work on /opt/airflow/dags/bionicpro_reports_daily.py
[2025-11-21T19:56:03.587+0000] {processor.py:830} INFO - Processing file /opt/airflow/dags/bionicpro_reports_daily.py for tasks to queue
[2025-11-21T19:56:03.589+0000] {logging_mixin.py:188} INFO - [2025-11-21T19:56:03.588+0000] {dagbag.py:540} INFO - Filling up the DagBag from /opt/airflow/dags/bionicpro_reports_daily.py
[2025-11-21T19:56:03.591+0000] {logging_mixin.py:188} INFO - [2025-11-21T19:56:03.590+0000] {dagbag.py:350} ERROR - Failed to import: /opt/airflow/dags/bionicpro_reports_daily.py
Traceback (most recent call last):
  File "/home/airflow/.local/lib/python3.12/site-packages/airflow/models/dagbag.py", line 346, in parse
    loader.exec_module(new_module)
  File "<frozen importlib._bootstrap_external>", line 991, in exec_module
  File "<frozen importlib._bootstrap_external>", line 1129, in get_code
  File "<frozen importlib._bootstrap_external>", line 1059, in source_to_code
  File "<frozen importlib._bootstrap>", line 488, in _call_with_frames_removed
  File "/opt/airflow/dags/bionicpro_reports_daily.py", line 1
    > Зайка:
    ^
SyntaxError: invalid syntax
[2025-11-21T19:56:03.592+0000] {processor.py:842} WARNING - No viable dags retrieved from /opt/airflow/dags/bionicpro_reports_daily.py
[2025-11-21T19:56:03.608+0000] {processor.py:183} INFO - Processing /opt/airflow/dags/bionicpro_reports_daily.py took 0.027 seconds
[2025-11-21T19:56:33.747+0000] {processor.py:161} INFO - Started process (PID=49) to work on /opt/airflow/dags/bionicpro_reports_daily.py
[2025-11-21T19:56:33.748+0000] {processor.py:830} INFO - Processing file /opt/airflow/dags/bionicpro_reports_daily.py for tasks to queue
[2025-11-21T19:56:33.750+0000] {logging_mixin.py:188} INFO - [2025-11-21T19:56:33.750+0000] {dagbag.py:540} INFO - Filling up the DagBag from /opt/airflow/dags/bionicpro_reports_daily.py
[2025-11-21T19:56:33.753+0000] {logging_mixin.py:188} INFO - [2025-11-21T19:56:33.752+0000] {dagbag.py:350} ERROR - Failed to import: /opt/airflow/dags/bionicpro_reports_daily.py
Traceback (most recent call last):
  File "/home/airflow/.local/lib/python3.12/site-packages/airflow/models/dagbag.py", line 346, in parse
    loader.exec_module(new_module)
  File "<frozen importlib._bootstrap_external>", line 991, in exec_module
  File "<frozen importlib._bootstrap_external>", line 1129, in get_code
  File "<frozen importlib._bootstrap_external>", line 1059, in source_to_code
  File "<frozen importlib._bootstrap>", line 488, in _call_with_frames_removed
  File "/opt/airflow/dags/bionicpro_reports_daily.py", line 1
    > Зайка:
    ^
SyntaxError: invalid syntax
[2025-11-21T19:56:33.753+0000] {processor.py:842} WARNING - No viable dags retrieved from /opt/airflow/dags/bionicpro_reports_daily.py
[2025-11-21T19:56:33.770+0000] {processor.py:183} INFO - Processing /opt/airflow/dags/bionicpro_reports_daily.py took 0.028 seconds
[2025-11-21T19:57:03.906+0000] {processor.py:161} INFO - Started process (PID=50) to work on /opt/airflow/dags/bionicpro_reports_daily.py
[2025-11-21T19:57:03.906+0000] {processor.py:830} INFO - Processing file /opt/airflow/dags/bionicpro_reports_daily.py for tasks to queue
[2025-11-21T19:57:03.908+0000] {logging_mixin.py:188} INFO - [2025-11-21T19:57:03.908+0000] {dagbag.py:540} INFO - Filling up the DagBag from /opt/airflow/dags/bionicpro_reports_daily.py
[2025-11-21T19:57:03.910+0000] {logging_mixin.py:188} INFO - [2025-11-21T19:57:03.909+0000] {dagbag.py:350} ERROR - Failed to import: /opt/airflow/dags/bionicpro_reports_daily.py
Traceback (most recent call last):
  File "/home/airflow/.local/lib/python3.12/site-packages/airflow/models/dagbag.py", line 346, in parse
    loader.exec_module(new_module)
  File "<frozen importlib._bootstrap_external>", line 991, in exec_module
  File "<frozen importlib._bootstrap_external>", line 1129, in get_code
  File "<frozen importlib._bootstrap_external>", line 1059, in source_to_code
  File "<frozen importlib._bootstrap>", line 488, in _call_with_frames_removed
  File "/opt/airflow/dags/bionicpro_reports_daily.py", line 1
    > Зайка:
    ^
SyntaxError: invalid syntax
[2025-11-21T19:57:03.911+0000] {processor.py:842} WARNING - No viable dags retrieved from /opt/airflow/dags/bionicpro_reports_daily.py
[2025-11-21T19:57:03.933+0000] {processor.py:183} INFO - Processing /opt/airflow/dags/bionicpro_reports_daily.py took 0.033 seconds
[2025-11-21T19:57:34.063+0000] {processor.py:161} INFO - Started process (PID=51) to work on /opt/airflow/dags/bionicpro_reports_daily.py
[2025-11-21T19:57:34.064+0000] {processor.py:830} INFO - Processing file /opt/airflow/dags/bionicpro_reports_daily.py for tasks to queue
[2025-11-21T19:57:34.065+0000] {logging_mixin.py:188} INFO - [2025-11-21T19:57:34.065+0000] {dagbag.py:540} INFO - Filling up the DagBag from /opt/airflow/dags/bionicpro_reports_daily.py
[2025-11-21T19:57:34.068+0000] {logging_mixin.py:188} INFO - [2025-11-21T19:57:34.067+0000] {dagbag.py:350} ERROR - Failed to import: /opt/airflow/dags/bionicpro_reports_daily.py
Traceback (most recent call last):
  File "/home/airflow/.local/lib/python3.12/site-packages/airflow/models/dagbag.py", line 346, in parse
    loader.exec_module(new_module)
  File "<frozen importlib._bootstrap_external>", line 991, in exec_module
  File "<frozen importlib._bootstrap_external>", line 1129, in get_code
  File "<frozen importlib._bootstrap_external>", line 1059, in source_to_code
  File "<frozen importlib._bootstrap>", line 488, in _call_with_frames_removed
  File "/opt/airflow/dags/bionicpro_reports_daily.py", line 1
    > Зайка:
    ^
SyntaxError: invalid syntax
[2025-11-21T19:57:34.068+0000] {processor.py:842} WARNING - No viable dags retrieved from /opt/airflow/dags/bionicpro_reports_daily.py
[2025-11-21T19:57:34.082+0000] {processor.py:183} INFO - Processing /opt/airflow/dags/bionicpro_reports_daily.py took 0.024 seconds
[2025-11-21T19:58:04.221+0000] {processor.py:161} INFO - Started process (PID=52) to work on /opt/airflow/dags/bionicpro_reports_daily.py
[2025-11-21T19:58:04.222+0000] {processor.py:830} INFO - Processing file /opt/airflow/dags/bionicpro_reports_daily.py for tasks to queue
[2025-11-21T19:58:04.223+0000] {logging_mixin.py:188} INFO - [2025-11-21T19:58:04.223+0000] {dagbag.py:540} INFO - Filling up the DagBag from /opt/airflow/dags/bionicpro_reports_daily.py
[2025-11-21T19:58:04.226+0000] {logging_mixin.py:188} INFO - [2025-11-21T19:58:04.225+0000] {dagbag.py:350} ERROR - Failed to import: /opt/airflow/dags/bionicpro_reports_daily.py
Traceback (most recent call last):
  File "/home/airflow/.local/lib/python3.12/site-packages/airflow/models/dagbag.py", line 346, in parse
    loader.exec_module(new_module)
  File "<frozen importlib._bootstrap_external>", line 991, in exec_module
  File "<frozen importlib._bootstrap_external>", line 1129, in get_code
  File "<frozen importlib._bootstrap_external>", line 1059, in source_to_code
  File "<frozen importlib._bootstrap>", line 488, in _call_with_frames_removed
  File "/opt/airflow/dags/bionicpro_reports_daily.py", line 1
    > Зайка:
    ^
SyntaxError: invalid syntax
[2025-11-21T19:58:04.226+0000] {processor.py:842} WARNING - No viable dags retrieved from /opt/airflow/dags/bionicpro_reports_daily.py
[2025-11-21T19:58:04.241+0000] {processor.py:183} INFO - Processing /opt/airflow/dags/bionicpro_reports_daily.py took 0.025 seconds
[2025-11-21T19:58:34.381+0000] {processor.py:161} INFO - Started process (PID=53) to work on /opt/airflow/dags/bionicpro_reports_daily.py
[2025-11-21T19:58:34.381+0000] {processor.py:830} INFO - Processing file /opt/airflow/dags/bionicpro_reports_daily.py for tasks to queue
[2025-11-21T19:58:34.383+0000] {logging_mixin.py:188} INFO - [2025-11-21T19:58:34.383+0000] {dagbag.py:540} INFO - Filling up the DagBag from /opt/airflow/dags/bionicpro_reports_daily.py
[2025-11-21T19:58:34.386+0000] {logging_mixin.py:188} INFO - [2025-11-21T19:58:34.385+0000] {dagbag.py:350} ERROR - Failed to import: /opt/airflow/dags/bionicpro_reports_daily.py
Traceback (most recent call last):
  File "/home/airflow/.local/lib/python3.12/site-packages/airflow/models/dagbag.py", line 346, in parse
    loader.exec_module(new_module)
  File "<frozen importlib._bootstrap_external>", line 991, in exec_module
  File "<frozen importlib._bootstrap_external>", line 1129, in get_code
  File "<frozen importlib._bootstrap_external>", line 1059, in source_to_code
  File "<frozen importlib._bootstrap>", line 488, in _call_with_frames_removed
  File "/opt/airflow/dags/bionicpro_reports_daily.py", line 1
    > Зайка:
    ^
SyntaxError: invalid syntax
[2025-11-21T19:58:34.386+0000] {processor.py:842} WARNING - No viable dags retrieved from /opt/airflow/dags/bionicpro_reports_daily.py
[2025-11-21T19:58:34.400+0000] {processor.py:183} INFO - Processing /opt/airflow/dags/bionicpro_reports_daily.py took 0.025 seconds
[2025-11-21T19:59:04.550+0000] {processor.py:161} INFO - Started process (PID=54) to work on /opt/airflow/dags/bionicpro_reports_daily.py
[2025-11-21T19:59:04.551+0000] {processor.py:830} INFO - Processing file /opt/airflow/dags/bionicpro_reports_daily.py for tasks to queue
[2025-11-21T19:59:04.552+0000] {logging_mixin.py:188} INFO - [2025-11-21T19:59:04.552+0000] {dagbag.py:540} INFO - Filling up the DagBag from /opt/airflow/dags/bionicpro_reports_daily.py
[2025-11-21T19:59:04.555+0000] {logging_mixin.py:188} INFO - [2025-11-21T19:59:04.554+0000] {dagbag.py:350} ERROR - Failed to import: /opt/airflow/dags/bionicpro_reports_daily.py
Traceback (most recent call last):
  File "/home/airflow/.local/lib/python3.12/site-packages/airflow/models/dagbag.py", line 346, in parse
    loader.exec_module(new_module)
  File "<frozen importlib._bootstrap_external>", line 991, in exec_module
  File "<frozen importlib._bootstrap_external>", line 1129, in get_code
  File "<frozen importlib._bootstrap_external>", line 1059, in source_to_code
  File "<frozen importlib._bootstrap>", line 488, in _call_with_frames_removed
  File "/opt/airflow/dags/bionicpro_reports_daily.py", line 1
    > Зайка:
    ^
SyntaxError: invalid syntax
[2025-11-21T19:59:04.555+0000] {processor.py:842} WARNING - No viable dags retrieved from /opt/airflow/dags/bionicpro_reports_daily.py
[2025-11-21T19:59:04.570+0000] {processor.py:183} INFO - Processing /opt/airflow/dags/bionicpro_reports_daily.py took 0.025 seconds
[2025-11-21T19:59:34.709+0000] {processor.py:161} INFO - Started process (PID=55) to work on /opt/airflow/dags/bionicpro_reports_daily.py
[2025-11-21T19:59:34.709+0000] {processor.py:830} INFO - Processing file /opt/airflow/dags/bionicpro_reports_daily.py for tasks to queue
[2025-11-21T19:59:34.711+0000] {logging_mixin.py:188} INFO - [2025-11-21T19:59:34.710+0000] {dagbag.py:540} INFO - Filling up the DagBag from /opt/airflow/dags/bionicpro_reports_daily.py
[2025-11-21T19:59:34.713+0000] {logging_mixin.py:188} INFO - [2025-11-21T19:59:34.712+0000] {dagbag.py:350} ERROR - Failed to import: /opt/airflow/dags/bionicpro_reports_daily.py
Traceback (most recent call last):
  File "/home/airflow/.local/lib/python3.12/site-packages/airflow/models/dagbag.py", line 346, in parse
    loader.exec_module(new_module)
  File "<frozen importlib._bootstrap_external>", line 991, in exec_module
  File "<frozen importlib._bootstrap_external>", line 1129, in get_code
  File "<frozen importlib._bootstrap_external>", line 1059, in source_to_code
  File "<frozen importlib._bootstrap>", line 488, in _call_with_frames_removed
  File "/opt/airflow/dags/bionicpro_reports_daily.py", line 1
    > Зайка:
    ^
SyntaxError: invalid syntax
[2025-11-21T19:59:34.714+0000] {processor.py:842} WARNING - No viable dags retrieved from /opt/airflow/dags/bionicpro_reports_daily.py
[2025-11-21T19:59:34.728+0000] {processor.py:183} INFO - Processing /opt/airflow/dags/bionicpro_reports_daily.py took 0.025 seconds
[2025-11-21T20:00:04.867+0000] {processor.py:161} INFO - Started process (PID=56) to work on /opt/airflow/dags/bionicpro_reports_daily.py
[2025-11-21T20:00:04.868+0000] {processor.py:830} INFO - Processing file /opt/airflow/dags/bionicpro_reports_daily.py for tasks to queue
[2025-11-21T20:00:04.870+0000] {logging_mixin.py:188} INFO - [2025-11-21T20:00:04.869+0000] {dagbag.py:540} INFO - Filling up the DagBag from /opt/airflow/dags/bionicpro_reports_daily.py
[2025-11-21T20:00:04.872+0000] {logging_mixin.py:188} INFO - [2025-11-21T20:00:04.871+0000] {dagbag.py:350} ERROR - Failed to import: /opt/airflow/dags/bionicpro_reports_daily.py
Traceback (most recent call last):
  File "/home/airflow/.local/lib/python3.12/site-packages/airflow/models/dagbag.py", line 346, in parse
    loader.exec_module(new_module)
  File "<frozen importlib._bootstrap_external>", line 991, in exec_module
  File "<frozen importlib._bootstrap_external>", line 1129, in get_code
  File "<frozen importlib._bootstrap_external>", line 1059, in source_to_code
  File "<frozen importlib._bootstrap>", line 488, in _call_with_frames_removed
  File "/opt/airflow/dags/bionicpro_reports_daily.py", line 1
    > Зайка:
    ^
SyntaxError: invalid syntax
[2025-11-21T20:00:04.872+0000] {processor.py:842} WARNING - No viable dags retrieved from /opt/airflow/dags/bionicpro_reports_daily.py
[2025-11-21T20:00:04.886+0000] {processor.py:183} INFO - Processing /opt/airflow/dags/bionicpro_reports_daily.py took 0.024 seconds
[2025-11-21T20:01:22.289+0000] {processor.py:161} INFO - Started process (PID=19) to work on /opt/airflow/dags/bionicpro_reports_daily.py
[2025-11-21T20:01:22.290+0000] {processor.py:830} INFO - Processing file /opt/airflow/dags/bionicpro_reports_daily.py for tasks to queue
[2025-11-21T20:01:22.293+0000] {logging_mixin.py:188} INFO - [2025-11-21T20:01:22.292+0000] {dagbag.py:540} INFO - Filling up the DagBag from /opt/airflow/dags/bionicpro_reports_daily.py
[2025-11-21T20:01:22.299+0000] {logging_mixin.py:188} INFO - [2025-11-21T20:01:22.296+0000] {dagbag.py:350} ERROR - Failed to import: /opt/airflow/dags/bionicpro_reports_daily.py
Traceback (most recent call last):
  File "/home/airflow/.local/lib/python3.12/site-packages/airflow/models/dagbag.py", line 346, in parse
    loader.exec_module(new_module)
  File "<frozen importlib._bootstrap_external>", line 991, in exec_module
  File "<frozen importlib._bootstrap_external>", line 1129, in get_code
  File "<frozen importlib._bootstrap_external>", line 1059, in source_to_code
  File "<frozen importlib._bootstrap>", line 488, in _call_with_frames_removed
  File "/opt/airflow/dags/bionicpro_reports_daily.py", line 1
    > Зайка:
    ^
SyntaxError: invalid syntax
[2025-11-21T20:01:22.299+0000] {processor.py:842} WARNING - No viable dags retrieved from /opt/airflow/dags/bionicpro_reports_daily.py
[2025-11-21T20:01:22.340+0000] {processor.py:183} INFO - Processing /opt/airflow/dags/bionicpro_reports_daily.py took 0.059 seconds
[2025-11-21T20:01:53.405+0000] {processor.py:161} INFO - Started process (PID=20) to work on /opt/airflow/dags/bionicpro_reports_daily.py
[2025-11-21T20:01:53.406+0000] {processor.py:830} INFO - Processing file /opt/airflow/dags/bionicpro_reports_daily.py for tasks to queue
[2025-11-21T20:01:53.407+0000] {logging_mixin.py:188} INFO - [2025-11-21T20:01:53.407+0000] {dagbag.py:540} INFO - Filling up the DagBag from /opt/airflow/dags/bionicpro_reports_daily.py
[2025-11-21T20:01:53.410+0000] {logging_mixin.py:188} INFO - [2025-11-21T20:01:53.409+0000] {dagbag.py:350} ERROR - Failed to import: /opt/airflow/dags/bionicpro_reports_daily.py
Traceback (most recent call last):
  File "/home/airflow/.local/lib/python3.12/site-packages/airflow/models/dagbag.py", line 346, in parse
    loader.exec_module(new_module)
  File "<frozen importlib._bootstrap_external>", line 991, in exec_module
  File "<frozen importlib._bootstrap_external>", line 1129, in get_code
  File "<frozen importlib._bootstrap_external>", line 1059, in source_to_code
  File "<frozen importlib._bootstrap>", line 488, in _call_with_frames_removed
  File "/opt/airflow/dags/bionicpro_reports_daily.py", line 1
    > Зайка:
    ^
SyntaxError: invalid syntax
[2025-11-21T20:01:53.410+0000] {processor.py:842} WARNING - No viable dags retrieved from /opt/airflow/dags/bionicpro_reports_daily.py
[2025-11-21T20:01:53.431+0000] {processor.py:183} INFO - Processing /opt/airflow/dags/bionicpro_reports_daily.py took 0.031 seconds
[2025-11-21T20:02:23.629+0000] {processor.py:161} INFO - Started process (PID=21) to work on /opt/airflow/dags/bionicpro_reports_daily.py
[2025-11-21T20:02:23.630+0000] {processor.py:830} INFO - Processing file /opt/airflow/dags/bionicpro_reports_daily.py for tasks to queue
[2025-11-21T20:02:23.632+0000] {logging_mixin.py:188} INFO - [2025-11-21T20:02:23.631+0000] {dagbag.py:540} INFO - Filling up the DagBag from /opt/airflow/dags/bionicpro_reports_daily.py
[2025-11-21T20:02:23.636+0000] {logging_mixin.py:188} INFO - [2025-11-21T20:02:23.633+0000] {dagbag.py:350} ERROR - Failed to import: /opt/airflow/dags/bionicpro_reports_daily.py
Traceback (most recent call last):
  File "/home/airflow/.local/lib/python3.12/site-packages/airflow/models/dagbag.py", line 346, in parse
    loader.exec_module(new_module)
  File "<frozen importlib._bootstrap_external>", line 991, in exec_module
  File "<frozen importlib._bootstrap_external>", line 1129, in get_code
  File "<frozen importlib._bootstrap_external>", line 1059, in source_to_code
  File "<frozen importlib._bootstrap>", line 488, in _call_with_frames_removed
  File "/opt/airflow/dags/bionicpro_reports_daily.py", line 1
    > Зайка:
    ^
SyntaxError: invalid syntax
[2025-11-21T20:02:23.636+0000] {processor.py:842} WARNING - No viable dags retrieved from /opt/airflow/dags/bionicpro_reports_daily.py
[2025-11-21T20:02:23.651+0000] {processor.py:183} INFO - Processing /opt/airflow/dags/bionicpro_reports_daily.py took 0.027 seconds
[2025-11-21T20:02:53.848+0000] {processor.py:161} INFO - Started process (PID=22) to work on /opt/airflow/dags/bionicpro_reports_daily.py
[2025-11-21T20:02:53.849+0000] {processor.py:830} INFO - Processing file /opt/airflow/dags/bionicpro_reports_daily.py for tasks to queue
[2025-11-21T20:02:53.852+0000] {logging_mixin.py:188} INFO - [2025-11-21T20:02:53.851+0000] {dagbag.py:540} INFO - Filling up the DagBag from /opt/airflow/dags/bionicpro_reports_daily.py
[2025-11-21T20:02:53.855+0000] {logging_mixin.py:188} INFO - [2025-11-21T20:02:53.854+0000] {dagbag.py:350} ERROR - Failed to import: /opt/airflow/dags/bionicpro_reports_daily.py
Traceback (most recent call last):
  File "/home/airflow/.local/lib/python3.12/site-packages/airflow/models/dagbag.py", line 346, in parse
    loader.exec_module(new_module)
  File "<frozen importlib._bootstrap_external>", line 991, in exec_module
  File "<frozen importlib._bootstrap_external>", line 1129, in get_code
  File "<frozen importlib._bootstrap_external>", line 1059, in source_to_code
  File "<frozen importlib._bootstrap>", line 488, in _call_with_frames_removed
  File "/opt/airflow/dags/bionicpro_reports_daily.py", line 1
    > Зайка:
    ^
SyntaxError: invalid syntax
[2025-11-21T20:02:53.856+0000] {processor.py:842} WARNING - No viable dags retrieved from /opt/airflow/dags/bionicpro_reports_daily.py
[2025-11-21T20:02:53.871+0000] {processor.py:183} INFO - Processing /opt/airflow/dags/bionicpro_reports_daily.py took 0.028 seconds
[2025-11-21T20:03:24.071+0000] {processor.py:161} INFO - Started process (PID=23) to work on /opt/airflow/dags/bionicpro_reports_daily.py
[2025-11-21T20:03:24.072+0000] {processor.py:830} INFO - Processing file /opt/airflow/dags/bionicpro_reports_daily.py for tasks to queue
[2025-11-21T20:03:24.074+0000] {logging_mixin.py:188} INFO - [2025-11-21T20:03:24.073+0000] {dagbag.py:540} INFO - Filling up the DagBag from /opt/airflow/dags/bionicpro_reports_daily.py
[2025-11-21T20:03:24.076+0000] {logging_mixin.py:188} INFO - [2025-11-21T20:03:24.075+0000] {dagbag.py:350} ERROR - Failed to import: /opt/airflow/dags/bionicpro_reports_daily.py
Traceback (most recent call last):
  File "/home/airflow/.local/lib/python3.12/site-packages/airflow/models/dagbag.py", line 346, in parse
    loader.exec_module(new_module)
  File "<frozen importlib._bootstrap_external>", line 991, in exec_module
  File "<frozen importlib._bootstrap_external>", line 1129, in get_code
  File "<frozen importlib._bootstrap_external>", line 1059, in source_to_code
  File "<frozen importlib._bootstrap>", line 488, in _call_with_frames_removed
  File "/opt/airflow/dags/bionicpro_reports_daily.py", line 1
    > Зайка:
    ^
SyntaxError: invalid syntax
[2025-11-21T20:03:24.077+0000] {processor.py:842} WARNING - No viable dags retrieved from /opt/airflow/dags/bionicpro_reports_daily.py
[2025-11-21T20:03:24.094+0000] {processor.py:183} INFO - Processing /opt/airflow/dags/bionicpro_reports_daily.py took 0.028 seconds
[2025-11-21T20:03:54.324+0000] {processor.py:161} INFO - Started process (PID=24) to work on /opt/airflow/dags/bionicpro_reports_daily.py
[2025-11-21T20:03:54.325+0000] {processor.py:830} INFO - Processing file /opt/airflow/dags/bionicpro_reports_daily.py for tasks to queue
[2025-11-21T20:03:54.327+0000] {logging_mixin.py:188} INFO - [2025-11-21T20:03:54.326+0000] {dagbag.py:540} INFO - Filling up the DagBag from /opt/airflow/dags/bionicpro_reports_daily.py
[2025-11-21T20:03:54.329+0000] {logging_mixin.py:188} INFO - [2025-11-21T20:03:54.328+0000] {dagbag.py:350} ERROR - Failed to import: /opt/airflow/dags/bionicpro_reports_daily.py
Traceback (most recent call last):
  File "/home/airflow/.local/lib/python3.12/site-packages/airflow/models/dagbag.py", line 346, in parse
    loader.exec_module(new_module)
  File "<frozen importlib._bootstrap_external>", line 991, in exec_module
  File "<frozen importlib._bootstrap_external>", line 1129, in get_code
  File "<frozen importlib._bootstrap_external>", line 1059, in source_to_code
  File "<frozen importlib._bootstrap>", line 488, in _call_with_frames_removed
  File "/opt/airflow/dags/bionicpro_reports_daily.py", line 1
    > Зайка:
    ^
SyntaxError: invalid syntax
[2025-11-21T20:03:54.330+0000] {processor.py:842} WARNING - No viable dags retrieved from /opt/airflow/dags/bionicpro_reports_daily.py
[2025-11-21T20:03:54.345+0000] {processor.py:183} INFO - Processing /opt/airflow/dags/bionicpro_reports_daily.py took 0.026 seconds
[2025-11-21T20:04:24.575+0000] {processor.py:161} INFO - Started process (PID=25) to work on /opt/airflow/dags/bionicpro_reports_daily.py
[2025-11-21T20:04:24.576+0000] {processor.py:830} INFO - Processing file /opt/airflow/dags/bionicpro_reports_daily.py for tasks to queue
[2025-11-21T20:04:24.577+0000] {logging_mixin.py:188} INFO - [2025-11-21T20:04:24.577+0000] {dagbag.py:540} INFO - Filling up the DagBag from /opt/airflow/dags/bionicpro_reports_daily.py
[2025-11-21T20:04:24.579+0000] {logging_mixin.py:188} INFO - [2025-11-21T20:04:24.579+0000] {dagbag.py:350} ERROR - Failed to import: /opt/airflow/dags/bionicpro_reports_daily.py
Traceback (most recent call last):
  File "/home/airflow/.local/lib/python3.12/site-packages/airflow/models/dagbag.py", line 346, in parse
    loader.exec_module(new_module)
  File "<frozen importlib._bootstrap_external>", line 991, in exec_module
  File "<frozen importlib._bootstrap_external>", line 1129, in get_code
  File "<frozen importlib._bootstrap_external>", line 1059, in source_to_code
  File "<frozen importlib._bootstrap>", line 488, in _call_with_frames_removed
  File "/opt/airflow/dags/bionicpro_reports_daily.py", line 1
    > Зайка:
    ^
SyntaxError: invalid syntax
[2025-11-21T20:04:24.580+0000] {processor.py:842} WARNING - No viable dags retrieved from /opt/airflow/dags/bionicpro_reports_daily.py
[2025-11-21T20:04:24.599+0000] {processor.py:183} INFO - Processing /opt/airflow/dags/bionicpro_reports_daily.py took 0.029 seconds
[2025-11-21T20:04:54.814+0000] {processor.py:161} INFO - Started process (PID=26) to work on /opt/airflow/dags/bionicpro_reports_daily.py
[2025-11-21T20:04:54.815+0000] {processor.py:830} INFO - Processing file /opt/airflow/dags/bionicpro_reports_daily.py for tasks to queue
[2025-11-21T20:04:54.817+0000] {logging_mixin.py:188} INFO - [2025-11-21T20:04:54.816+0000] {dagbag.py:540} INFO - Filling up the DagBag from /opt/airflow/dags/bionicpro_reports_daily.py
[2025-11-21T20:04:54.819+0000] {logging_mixin.py:188} INFO - [2025-11-21T20:04:54.818+0000] {dagbag.py:350} ERROR - Failed to import: /opt/airflow/dags/bionicpro_reports_daily.py
Traceback (most recent call last):
  File "/home/airflow/.local/lib/python3.12/site-packages/airflow/models/dagbag.py", line 346, in parse
    loader.exec_module(new_module)
  File "<frozen importlib._bootstrap_external>", line 991, in exec_module
  File "<frozen importlib._bootstrap_external>", line 1129, in get_code
  File "<frozen importlib._bootstrap_external>", line 1059, in source_to_code
  File "<frozen importlib._bootstrap>", line 488, in _call_with_frames_removed
  File "/opt/airflow/dags/bionicpro_reports_daily.py", line 1
    > Зайка:
    ^
SyntaxError: invalid syntax
[2025-11-21T20:04:54.819+0000] {processor.py:842} WARNING - No viable dags retrieved from /opt/airflow/dags/bionicpro_reports_daily.py
[2025-11-21T20:04:54.835+0000] {processor.py:183} INFO - Processing /opt/airflow/dags/bionicpro_reports_daily.py took 0.026 seconds
[2025-11-21T20:05:24.986+0000] {processor.py:161} INFO - Started process (PID=27) to work on /opt/airflow/dags/bionicpro_reports_daily.py
[2025-11-21T20:05:24.986+0000] {processor.py:830} INFO - Processing file /opt/airflow/dags/bionicpro_reports_daily.py for tasks to queue
[2025-11-21T20:05:24.988+0000] {logging_mixin.py:188} INFO - [2025-11-21T20:05:24.988+0000] {dagbag.py:540} INFO - Filling up the DagBag from /opt/airflow/dags/bionicpro_reports_daily.py
[2025-11-21T20:05:24.990+0000] {logging_mixin.py:188} INFO - [2025-11-21T20:05:24.989+0000] {dagbag.py:350} ERROR - Failed to import: /opt/airflow/dags/bionicpro_reports_daily.py
Traceback (most recent call last):
  File "/home/airflow/.local/lib/python3.12/site-packages/airflow/models/dagbag.py", line 346, in parse
    loader.exec_module(new_module)
  File "<frozen importlib._bootstrap_external>", line 991, in exec_module
  File "<frozen importlib._bootstrap_external>", line 1129, in get_code
  File "<frozen importlib._bootstrap_external>", line 1059, in source_to_code
  File "<frozen importlib._bootstrap>", line 488, in _call_with_frames_removed
  File "/opt/airflow/dags/bionicpro_reports_daily.py", line 1
    > Зайка:
    ^
SyntaxError: invalid syntax
[2025-11-21T20:05:24.991+0000] {processor.py:842} WARNING - No viable dags retrieved from /opt/airflow/dags/bionicpro_reports_daily.py
[2025-11-21T20:05:25.007+0000] {processor.py:183} INFO - Processing /opt/airflow/dags/bionicpro_reports_daily.py took 0.026 seconds
[2025-11-21T20:05:55.213+0000] {processor.py:161} INFO - Started process (PID=28) to work on /opt/airflow/dags/bionicpro_reports_daily.py
[2025-11-21T20:05:55.214+0000] {processor.py:830} INFO - Processing file /opt/airflow/dags/bionicpro_reports_daily.py for tasks to queue
[2025-11-21T20:05:55.216+0000] {logging_mixin.py:188} INFO - [2025-11-21T20:05:55.215+0000] {dagbag.py:540} INFO - Filling up the DagBag from /opt/airflow/dags/bionicpro_reports_daily.py
[2025-11-21T20:05:55.218+0000] {logging_mixin.py:188} INFO - [2025-11-21T20:05:55.217+0000] {dagbag.py:350} ERROR - Failed to import: /opt/airflow/dags/bionicpro_reports_daily.py
Traceback (most recent call last):
  File "/home/airflow/.local/lib/python3.12/site-packages/airflow/models/dagbag.py", line 346, in parse
    loader.exec_module(new_module)
  File "<frozen importlib._bootstrap_external>", line 991, in exec_module
  File "<frozen importlib._bootstrap_external>", line 1129, in get_code
  File "<frozen importlib._bootstrap_external>", line 1059, in source_to_code
  File "<frozen importlib._bootstrap>", line 488, in _call_with_frames_removed
  File "/opt/airflow/dags/bionicpro_reports_daily.py", line 1
    > Зайка:
    ^
SyntaxError: invalid syntax
[2025-11-21T20:05:55.218+0000] {processor.py:842} WARNING - No viable dags retrieved from /opt/airflow/dags/bionicpro_reports_daily.py
[2025-11-21T20:05:55.234+0000] {processor.py:183} INFO - Processing /opt/airflow/dags/bionicpro_reports_daily.py took 0.026 seconds
[2025-11-21T20:06:25.440+0000] {processor.py:161} INFO - Started process (PID=30) to work on /opt/airflow/dags/bionicpro_reports_daily.py
[2025-11-21T20:06:25.440+0000] {processor.py:830} INFO - Processing file /opt/airflow/dags/bionicpro_reports_daily.py for tasks to queue
[2025-11-21T20:06:25.442+0000] {logging_mixin.py:188} INFO - [2025-11-21T20:06:25.442+0000] {dagbag.py:540} INFO - Filling up the DagBag from /opt/airflow/dags/bionicpro_reports_daily.py
[2025-11-21T20:06:25.444+0000] {logging_mixin.py:188} INFO - [2025-11-21T20:06:25.443+0000] {dagbag.py:350} ERROR - Failed to import: /opt/airflow/dags/bionicpro_reports_daily.py
Traceback (most recent call last):
  File "/home/airflow/.local/lib/python3.12/site-packages/airflow/models/dagbag.py", line 346, in parse
    loader.exec_module(new_module)
  File "<frozen importlib._bootstrap_external>", line 991, in exec_module
  File "<frozen importlib._bootstrap_external>", line 1129, in get_code
  File "<frozen importlib._bootstrap_external>", line 1059, in source_to_code
  File "<frozen importlib._bootstrap>", line 488, in _call_with_frames_removed
  File "/opt/airflow/dags/bionicpro_reports_daily.py", line 1
    > Зайка:
    ^
SyntaxError: invalid syntax
[2025-11-21T20:06:25.445+0000] {processor.py:842} WARNING - No viable dags retrieved from /opt/airflow/dags/bionicpro_reports_daily.py
[2025-11-21T20:06:25.459+0000] {processor.py:183} INFO - Processing /opt/airflow/dags/bionicpro_reports_daily.py took 0.025 seconds
[2025-11-21T20:06:55.695+0000] {processor.py:161} INFO - Started process (PID=32) to work on /opt/airflow/dags/bionicpro_reports_daily.py
[2025-11-21T20:06:55.696+0000] {processor.py:830} INFO - Processing file /opt/airflow/dags/bionicpro_reports_daily.py for tasks to queue
[2025-11-21T20:06:55.698+0000] {logging_mixin.py:188} INFO - [2025-11-21T20:06:55.697+0000] {dagbag.py:540} INFO - Filling up the DagBag from /opt/airflow/dags/bionicpro_reports_daily.py
[2025-11-21T20:06:55.700+0000] {logging_mixin.py:188} INFO - [2025-11-21T20:06:55.699+0000] {dagbag.py:350} ERROR - Failed to import: /opt/airflow/dags/bionicpro_reports_daily.py
Traceback (most recent call last):
  File "/home/airflow/.local/lib/python3.12/site-packages/airflow/models/dagbag.py", line 346, in parse
    loader.exec_module(new_module)
  File "<frozen importlib._bootstrap_external>", line 991, in exec_module
  File "<frozen importlib._bootstrap_external>", line 1129, in get_code
  File "<frozen importlib._bootstrap_external>", line 1059, in source_to_code
  File "<frozen importlib._bootstrap>", line 488, in _call_with_frames_removed
  File "/opt/airflow/dags/bionicpro_reports_daily.py", line 1
    > Зайка:
    ^
SyntaxError: invalid syntax
[2025-11-21T20:06:55.701+0000] {processor.py:842} WARNING - No viable dags retrieved from /opt/airflow/dags/bionicpro_reports_daily.py
[2025-11-21T20:06:55.716+0000] {processor.py:183} INFO - Processing /opt/airflow/dags/bionicpro_reports_daily.py took 0.026 seconds
[2025-11-21T20:07:25.935+0000] {processor.py:161} INFO - Started process (PID=34) to work on /opt/airflow/dags/bionicpro_reports_daily.py
[2025-11-21T20:07:25.936+0000] {processor.py:830} INFO - Processing file /opt/airflow/dags/bionicpro_reports_daily.py for tasks to queue
[2025-11-21T20:07:25.938+0000] {logging_mixin.py:188} INFO - [2025-11-21T20:07:25.937+0000] {dagbag.py:540} INFO - Filling up the DagBag from /opt/airflow/dags/bionicpro_reports_daily.py
[2025-11-21T20:07:25.940+0000] {logging_mixin.py:188} INFO - [2025-11-21T20:07:25.939+0000] {dagbag.py:350} ERROR - Failed to import: /opt/airflow/dags/bionicpro_reports_daily.py
Traceback (most recent call last):
  File "/home/airflow/.local/lib/python3.12/site-packages/airflow/models/dagbag.py", line 346, in parse
    loader.exec_module(new_module)
  File "<frozen importlib._bootstrap_external>", line 991, in exec_module
  File "<frozen importlib._bootstrap_external>", line 1129, in get_code
  File "<frozen importlib._bootstrap_external>", line 1059, in source_to_code
  File "<frozen importlib._bootstrap>", line 488, in _call_with_frames_removed
  File "/opt/airflow/dags/bionicpro_reports_daily.py", line 1
    > Зайка:
    ^
SyntaxError: invalid syntax
[2025-11-21T20:07:25.940+0000] {processor.py:842} WARNING - No viable dags retrieved from /opt/airflow/dags/bionicpro_reports_daily.py
[2025-11-21T20:07:25.956+0000] {processor.py:183} INFO - Processing /opt/airflow/dags/bionicpro_reports_daily.py took 0.026 seconds
[2025-11-21T20:07:56.216+0000] {processor.py:161} INFO - Started process (PID=36) to work on /opt/airflow/dags/bionicpro_reports_daily.py
[2025-11-21T20:07:56.217+0000] {processor.py:830} INFO - Processing file /opt/airflow/dags/bionicpro_reports_daily.py for tasks to queue
[2025-11-21T20:07:56.219+0000] {logging_mixin.py:188} INFO - [2025-11-21T20:07:56.218+0000] {dagbag.py:540} INFO - Filling up the DagBag from /opt/airflow/dags/bionicpro_reports_daily.py
[2025-11-21T20:07:56.221+0000] {logging_mixin.py:188} INFO - [2025-11-21T20:07:56.220+0000] {dagbag.py:350} ERROR - Failed to import: /opt/airflow/dags/bionicpro_reports_daily.py
Traceback (most recent call last):
  File "/home/airflow/.local/lib/python3.12/site-packages/airflow/models/dagbag.py", line 346, in parse
    loader.exec_module(new_module)
  File "<frozen importlib._bootstrap_external>", line 991, in exec_module
  File "<frozen importlib._bootstrap_external>", line 1129, in get_code
  File "<frozen importlib._bootstrap_external>", line 1059, in source_to_code
  File "<frozen importlib._bootstrap>", line 488, in _call_with_frames_removed
  File "/opt/airflow/dags/bionicpro_reports_daily.py", line 1
    > Зайка:
    ^
SyntaxError: invalid syntax
[2025-11-21T20:07:56.222+0000] {processor.py:842} WARNING - No viable dags retrieved from /opt/airflow/dags/bionicpro_reports_daily.py
[2025-11-21T20:07:56.236+0000] {processor.py:183} INFO - Processing /opt/airflow/dags/bionicpro_reports_daily.py took 0.025 seconds
[2025-11-21T20:08:26.452+0000] {processor.py:161} INFO - Started process (PID=38) to work on /opt/airflow/dags/bionicpro_reports_daily.py
[2025-11-21T20:08:26.453+0000] {processor.py:830} INFO - Processing file /opt/airflow/dags/bionicpro_reports_daily.py for tasks to queue
[2025-11-21T20:08:26.454+0000] {logging_mixin.py:188} INFO - [2025-11-21T20:08:26.454+0000] {dagbag.py:540} INFO - Filling up the DagBag from /opt/airflow/dags/bionicpro_reports_daily.py
[2025-11-21T20:08:26.457+0000] {logging_mixin.py:188} INFO - [2025-11-21T20:08:26.456+0000] {dagbag.py:350} ERROR - Failed to import: /opt/airflow/dags/bionicpro_reports_daily.py
Traceback (most recent call last):
  File "/home/airflow/.local/lib/python3.12/site-packages/airflow/models/dagbag.py", line 346, in parse
    loader.exec_module(new_module)
  File "<frozen importlib._bootstrap_external>", line 991, in exec_module
  File "<frozen importlib._bootstrap_external>", line 1129, in get_code
  File "<frozen importlib._bootstrap_external>", line 1059, in source_to_code
  File "<frozen importlib._bootstrap>", line 488, in _call_with_frames_removed
  File "/opt/airflow/dags/bionicpro_reports_daily.py", line 1
    > Зайка:
    ^
SyntaxError: invalid syntax
[2025-11-21T20:08:26.457+0000] {processor.py:842} WARNING - No viable dags retrieved from /opt/airflow/dags/bionicpro_reports_daily.py
[2025-11-21T20:08:26.480+0000] {processor.py:183} INFO - Processing /opt/airflow/dags/bionicpro_reports_daily.py took 0.033 seconds
[2025-11-21T20:08:56.635+0000] {processor.py:161} INFO - Started process (PID=40) to work on /opt/airflow/dags/bionicpro_reports_daily.py
[2025-11-21T20:08:56.636+0000] {processor.py:830} INFO - Processing file /opt/airflow/dags/bionicpro_reports_daily.py for tasks to queue
[2025-11-21T20:08:56.637+0000] {logging_mixin.py:188} INFO - [2025-11-21T20:08:56.637+0000] {dagbag.py:540} INFO - Filling up the DagBag from /opt/airflow/dags/bionicpro_reports_daily.py
[2025-11-21T20:08:56.640+0000] {logging_mixin.py:188} INFO - [2025-11-21T20:08:56.639+0000] {dagbag.py:350} ERROR - Failed to import: /opt/airflow/dags/bionicpro_reports_daily.py
Traceback (most recent call last):
  File "/home/airflow/.local/lib/python3.12/site-packages/airflow/models/dagbag.py", line 346, in parse
    loader.exec_module(new_module)
  File "<frozen importlib._bootstrap_external>", line 991, in exec_module
  File "<frozen importlib._bootstrap_external>", line 1129, in get_code
  File "<frozen importlib._bootstrap_external>", line 1059, in source_to_code
  File "<frozen importlib._bootstrap>", line 488, in _call_with_frames_removed
  File "/opt/airflow/dags/bionicpro_reports_daily.py", line 1
    > Зайка:
    ^
SyntaxError: invalid syntax
[2025-11-21T20:08:56.640+0000] {processor.py:842} WARNING - No viable dags retrieved from /opt/airflow/dags/bionicpro_reports_daily.py
[2025-11-21T20:08:56.663+0000] {processor.py:183} INFO - Processing /opt/airflow/dags/bionicpro_reports_daily.py took 0.035 seconds
[2025-11-21T20:09:26.867+0000] {processor.py:161} INFO - Started process (PID=42) to work on /opt/airflow/dags/bionicpro_reports_daily.py
[2025-11-21T20:09:26.868+0000] {processor.py:830} INFO - Processing file /opt/airflow/dags/bionicpro_reports_daily.py for tasks to queue
[2025-11-21T20:09:26.869+0000] {logging_mixin.py:188} INFO - [2025-11-21T20:09:26.869+0000] {dagbag.py:540} INFO - Filling up the DagBag from /opt/airflow/dags/bionicpro_reports_daily.py
[2025-11-21T20:09:26.872+0000] {logging_mixin.py:188} INFO - [2025-11-21T20:09:26.871+0000] {dagbag.py:350} ERROR - Failed to import: /opt/airflow/dags/bionicpro_reports_daily.py
Traceback (most recent call last):
  File "/home/airflow/.local/lib/python3.12/site-packages/airflow/models/dagbag.py", line 346, in parse
    loader.exec_module(new_module)
  File "<frozen importlib._bootstrap_external>", line 991, in exec_module
  File "<frozen importlib._bootstrap_external>", line 1129, in get_code
  File "<frozen importlib._bootstrap_external>", line 1059, in source_to_code
  File "<frozen importlib._bootstrap>", line 488, in _call_with_frames_removed
  File "/opt/airflow/dags/bionicpro_reports_daily.py", line 1
    > Зайка:
    ^
SyntaxError: invalid syntax
[2025-11-21T20:09:26.872+0000] {processor.py:842} WARNING - No viable dags retrieved from /opt/airflow/dags/bionicpro_reports_daily.py
[2025-11-21T20:09:26.887+0000] {processor.py:183} INFO - Processing /opt/airflow/dags/bionicpro_reports_daily.py took 0.025 seconds
[2025-11-21T20:09:57.094+0000] {processor.py:161} INFO - Started process (PID=44) to work on /opt/airflow/dags/bionicpro_reports_daily.py
[2025-11-21T20:09:57.095+0000] {processor.py:830} INFO - Processing file /opt/airflow/dags/bionicpro_reports_daily.py for tasks to queue
[2025-11-21T20:09:57.096+0000] {logging_mixin.py:188} INFO - [2025-11-21T20:09:57.096+0000] {dagbag.py:540} INFO - Filling up the DagBag from /opt/airflow/dags/bionicpro_reports_daily.py
[2025-11-21T20:09:57.099+0000] {logging_mixin.py:188} INFO - [2025-11-21T20:09:57.098+0000] {dagbag.py:350} ERROR - Failed to import: /opt/airflow/dags/bionicpro_reports_daily.py
Traceback (most recent call last):
  File "/home/airflow/.local/lib/python3.12/site-packages/airflow/models/dagbag.py", line 346, in parse
    loader.exec_module(new_module)
  File "<frozen importlib._bootstrap_external>", line 991, in exec_module
  File "<frozen importlib._bootstrap_external>", line 1129, in get_code
  File "<frozen importlib._bootstrap_external>", line 1059, in source_to_code
  File "<frozen importlib._bootstrap>", line 488, in _call_with_frames_removed
  File "/opt/airflow/dags/bionicpro_reports_daily.py", line 1
    > Зайка:
    ^
SyntaxError: invalid syntax
[2025-11-21T20:09:57.099+0000] {processor.py:842} WARNING - No viable dags retrieved from /opt/airflow/dags/bionicpro_reports_daily.py
[2025-11-21T20:09:57.115+0000] {processor.py:183} INFO - Processing /opt/airflow/dags/bionicpro_reports_daily.py took 0.026 seconds
[2025-11-21T20:10:27.333+0000] {processor.py:161} INFO - Started process (PID=46) to work on /opt/airflow/dags/bionicpro_reports_daily.py
[2025-11-21T20:10:27.334+0000] {processor.py:830} INFO - Processing file /opt/airflow/dags/bionicpro_reports_daily.py for tasks to queue
[2025-11-21T20:10:27.336+0000] {logging_mixin.py:188} INFO - [2025-11-21T20:10:27.335+0000] {dagbag.py:540} INFO - Filling up the DagBag from /opt/airflow/dags/bionicpro_reports_daily.py
[2025-11-21T20:10:27.338+0000] {logging_mixin.py:188} INFO - [2025-11-21T20:10:27.337+0000] {dagbag.py:350} ERROR - Failed to import: /opt/airflow/dags/bionicpro_reports_daily.py
Traceback (most recent call last):
  File "/home/airflow/.local/lib/python3.12/site-packages/airflow/models/dagbag.py", line 346, in parse
    loader.exec_module(new_module)
  File "<frozen importlib._bootstrap_external>", line 991, in exec_module
  File "<frozen importlib._bootstrap_external>", line 1129, in get_code
  File "<frozen importlib._bootstrap_external>", line 1059, in source_to_code
  File "<frozen importlib._bootstrap>", line 488, in _call_with_frames_removed
  File "/opt/airflow/dags/bionicpro_reports_daily.py", line 1
    > Зайка:
    ^
SyntaxError: invalid syntax
[2025-11-21T20:10:27.338+0000] {processor.py:842} WARNING - No viable dags retrieved from /opt/airflow/dags/bionicpro_reports_daily.py
[2025-11-21T20:10:27.355+0000] {processor.py:183} INFO - Processing /opt/airflow/dags/bionicpro_reports_daily.py took 0.026 seconds
[2025-11-21T20:10:57.562+0000] {processor.py:161} INFO - Started process (PID=48) to work on /opt/airflow/dags/bionicpro_reports_daily.py
[2025-11-21T20:10:57.563+0000] {processor.py:830} INFO - Processing file /opt/airflow/dags/bionicpro_reports_daily.py for tasks to queue
[2025-11-21T20:10:57.565+0000] {logging_mixin.py:188} INFO - [2025-11-21T20:10:57.564+0000] {dagbag.py:540} INFO - Filling up the DagBag from /opt/airflow/dags/bionicpro_reports_daily.py
[2025-11-21T20:10:57.567+0000] {logging_mixin.py:188} INFO - [2025-11-21T20:10:57.566+0000] {dagbag.py:350} ERROR - Failed to import: /opt/airflow/dags/bionicpro_reports_daily.py
Traceback (most recent call last):
  File "/home/airflow/.local/lib/python3.12/site-packages/airflow/models/dagbag.py", line 346, in parse
    loader.exec_module(new_module)
  File "<frozen importlib._bootstrap_external>", line 991, in exec_module
  File "<frozen importlib._bootstrap_external>", line 1129, in get_code
  File "<frozen importlib._bootstrap_external>", line 1059, in source_to_code
  File "<frozen importlib._bootstrap>", line 488, in _call_with_frames_removed
  File "/opt/airflow/dags/bionicpro_reports_daily.py", line 1
    > Зайка:
    ^
SyntaxError: invalid syntax
[2025-11-21T20:10:57.567+0000] {processor.py:842} WARNING - No viable dags retrieved from /opt/airflow/dags/bionicpro_reports_daily.py
[2025-11-21T20:10:57.583+0000] {processor.py:183} INFO - Processing /opt/airflow/dags/bionicpro_reports_daily.py took 0.026 seconds
[2025-11-21T20:11:27.791+0000] {processor.py:161} INFO - Started process (PID=50) to work on /opt/airflow/dags/bionicpro_reports_daily.py
[2025-11-21T20:11:27.791+0000] {processor.py:830} INFO - Processing file /opt/airflow/dags/bionicpro_reports_daily.py for tasks to queue
[2025-11-21T20:11:27.793+0000] {logging_mixin.py:188} INFO - [2025-11-21T20:11:27.793+0000] {dagbag.py:540} INFO - Filling up the DagBag from /opt/airflow/dags/bionicpro_reports_daily.py
[2025-11-21T20:11:27.795+0000] {logging_mixin.py:188} INFO - [2025-11-21T20:11:27.795+0000] {dagbag.py:350} ERROR - Failed to import: /opt/airflow/dags/bionicpro_reports_daily.py
Traceback (most recent call last):
  File "/home/airflow/.local/lib/python3.12/site-packages/airflow/models/dagbag.py", line 346, in parse
    loader.exec_module(new_module)
  File "<frozen importlib._bootstrap_external>", line 991, in exec_module
  File "<frozen importlib._bootstrap_external>", line 1129, in get_code
  File "<frozen importlib._bootstrap_external>", line 1059, in source_to_code
  File "<frozen importlib._bootstrap>", line 488, in _call_with_frames_removed
  File "/opt/airflow/dags/bionicpro_reports_daily.py", line 1
    > Зайка:
    ^
SyntaxError: invalid syntax
[2025-11-21T20:11:27.796+0000] {processor.py:842} WARNING - No viable dags retrieved from /opt/airflow/dags/bionicpro_reports_daily.py
[2025-11-21T20:11:27.811+0000] {processor.py:183} INFO - Processing /opt/airflow/dags/bionicpro_reports_daily.py took 0.025 seconds
[2025-11-21T20:11:58.048+0000] {processor.py:161} INFO - Started process (PID=52) to work on /opt/airflow/dags/bionicpro_reports_daily.py
[2025-11-21T20:11:58.049+0000] {processor.py:830} INFO - Processing file /opt/airflow/dags/bionicpro_reports_daily.py for tasks to queue
[2025-11-21T20:11:58.050+0000] {logging_mixin.py:188} INFO - [2025-11-21T20:11:58.050+0000] {dagbag.py:540} INFO - Filling up the DagBag from /opt/airflow/dags/bionicpro_reports_daily.py
[2025-11-21T20:11:58.053+0000] {logging_mixin.py:188} INFO - [2025-11-21T20:11:58.052+0000] {dagbag.py:350} ERROR - Failed to import: /opt/airflow/dags/bionicpro_reports_daily.py
Traceback (most recent call last):
  File "/home/airflow/.local/lib/python3.12/site-packages/airflow/models/dagbag.py", line 346, in parse
    loader.exec_module(new_module)
  File "<frozen importlib._bootstrap_external>", line 991, in exec_module
  File "<frozen importlib._bootstrap_external>", line 1129, in get_code
  File "<frozen importlib._bootstrap_external>", line 1059, in source_to_code
  File "<frozen importlib._bootstrap>", line 488, in _call_with_frames_removed
  File "/opt/airflow/dags/bionicpro_reports_daily.py", line 1
    > Зайка:
    ^
SyntaxError: invalid syntax
[2025-11-21T20:11:58.053+0000] {processor.py:842} WARNING - No viable dags retrieved from /opt/airflow/dags/bionicpro_reports_daily.py
[2025-11-21T20:11:58.069+0000] {processor.py:183} INFO - Processing /opt/airflow/dags/bionicpro_reports_daily.py took 0.025 seconds
[2025-11-21T20:12:28.291+0000] {processor.py:161} INFO - Started process (PID=54) to work on /opt/airflow/dags/bionicpro_reports_daily.py
[2025-11-21T20:12:28.291+0000] {processor.py:830} INFO - Processing file /opt/airflow/dags/bionicpro_reports_daily.py for tasks to queue
[2025-11-21T20:12:28.293+0000] {logging_mixin.py:188} INFO - [2025-11-21T20:12:28.293+0000] {dagbag.py:540} INFO - Filling up the DagBag from /opt/airflow/dags/bionicpro_reports_daily.py
[2025-11-21T20:12:28.297+0000] {logging_mixin.py:188} INFO - [2025-11-21T20:12:28.296+0000] {dagbag.py:350} ERROR - Failed to import: /opt/airflow/dags/bionicpro_reports_daily.py
Traceback (most recent call last):
  File "/home/airflow/.local/lib/python3.12/site-packages/airflow/models/dagbag.py", line 346, in parse
    loader.exec_module(new_module)
  File "<frozen importlib._bootstrap_external>", line 991, in exec_module
  File "<frozen importlib._bootstrap_external>", line 1129, in get_code
  File "<frozen importlib._bootstrap_external>", line 1059, in source_to_code
  File "<frozen importlib._bootstrap>", line 488, in _call_with_frames_removed
  File "/opt/airflow/dags/bionicpro_reports_daily.py", line 1
    > Зайка:
    ^
SyntaxError: invalid syntax
[2025-11-21T20:12:28.298+0000] {processor.py:842} WARNING - No viable dags retrieved from /opt/airflow/dags/bionicpro_reports_daily.py
[2025-11-21T20:12:28.314+0000] {processor.py:183} INFO - Processing /opt/airflow/dags/bionicpro_reports_daily.py took 0.028 seconds
[2025-11-21T20:12:58.515+0000] {processor.py:161} INFO - Started process (PID=56) to work on /opt/airflow/dags/bionicpro_reports_daily.py
[2025-11-21T20:12:58.516+0000] {processor.py:830} INFO - Processing file /opt/airflow/dags/bionicpro_reports_daily.py for tasks to queue
[2025-11-21T20:12:58.518+0000] {logging_mixin.py:188} INFO - [2025-11-21T20:12:58.517+0000] {dagbag.py:540} INFO - Filling up the DagBag from /opt/airflow/dags/bionicpro_reports_daily.py
[2025-11-21T20:12:58.521+0000] {logging_mixin.py:188} INFO - [2025-11-21T20:12:58.520+0000] {dagbag.py:350} ERROR - Failed to import: /opt/airflow/dags/bionicpro_reports_daily.py
Traceback (most recent call last):
  File "/home/airflow/.local/lib/python3.12/site-packages/airflow/models/dagbag.py", line 346, in parse
    loader.exec_module(new_module)
  File "<frozen importlib._bootstrap_external>", line 991, in exec_module
  File "<frozen importlib._bootstrap_external>", line 1129, in get_code
  File "<frozen importlib._bootstrap_external>", line 1059, in source_to_code
  File "<frozen importlib._bootstrap>", line 488, in _call_with_frames_removed
  File "/opt/airflow/dags/bionicpro_reports_daily.py", line 1
    > Зайка:
    ^
SyntaxError: invalid syntax
[2025-11-21T20:12:58.521+0000] {processor.py:842} WARNING - No viable dags retrieved from /opt/airflow/dags/bionicpro_reports_daily.py
[2025-11-21T20:12:58.536+0000] {processor.py:183} INFO - Processing /opt/airflow/dags/bionicpro_reports_daily.py took 0.028 seconds
[2025-11-21T20:13:28.761+0000] {processor.py:161} INFO - Started process (PID=58) to work on /opt/airflow/dags/bionicpro_reports_daily.py
[2025-11-21T20:13:28.762+0000] {processor.py:830} INFO - Processing file /opt/airflow/dags/bionicpro_reports_daily.py for tasks to queue
[2025-11-21T20:13:28.764+0000] {logging_mixin.py:188} INFO - [2025-11-21T20:13:28.763+0000] {dagbag.py:540} INFO - Filling up the DagBag from /opt/airflow/dags/bionicpro_reports_daily.py
[2025-11-21T20:13:28.766+0000] {logging_mixin.py:188} INFO - [2025-11-21T20:13:28.765+0000] {dagbag.py:350} ERROR - Failed to import: /opt/airflow/dags/bionicpro_reports_daily.py
Traceback (most recent call last):
  File "/home/airflow/.local/lib/python3.12/site-packages/airflow/models/dagbag.py", line 346, in parse
    loader.exec_module(new_module)
  File "<frozen importlib._bootstrap_external>", line 991, in exec_module
  File "<frozen importlib._bootstrap_external>", line 1129, in get_code
  File "<frozen importlib._bootstrap_external>", line 1059, in source_to_code
  File "<frozen importlib._bootstrap>", line 488, in _call_with_frames_removed
  File "/opt/airflow/dags/bionicpro_reports_daily.py", line 1
    > Зайка:
    ^
SyntaxError: invalid syntax
[2025-11-21T20:13:28.766+0000] {processor.py:842} WARNING - No viable dags retrieved from /opt/airflow/dags/bionicpro_reports_daily.py
[2025-11-21T20:13:28.781+0000] {processor.py:183} INFO - Processing /opt/airflow/dags/bionicpro_reports_daily.py took 0.025 seconds
[2025-11-21T20:13:59.006+0000] {processor.py:161} INFO - Started process (PID=60) to work on /opt/airflow/dags/bionicpro_reports_daily.py
[2025-11-21T20:13:59.007+0000] {processor.py:830} INFO - Processing file /opt/airflow/dags/bionicpro_reports_daily.py for tasks to queue
[2025-11-21T20:13:59.009+0000] {logging_mixin.py:188} INFO - [2025-11-21T20:13:59.008+0000] {dagbag.py:540} INFO - Filling up the DagBag from /opt/airflow/dags/bionicpro_reports_daily.py
[2025-11-21T20:13:59.011+0000] {logging_mixin.py:188} INFO - [2025-11-21T20:13:59.010+0000] {dagbag.py:350} ERROR - Failed to import: /opt/airflow/dags/bionicpro_reports_daily.py
Traceback (most recent call last):
  File "/home/airflow/.local/lib/python3.12/site-packages/airflow/models/dagbag.py", line 346, in parse
    loader.exec_module(new_module)
  File "<frozen importlib._bootstrap_external>", line 991, in exec_module
  File "<frozen importlib._bootstrap_external>", line 1129, in get_code
  File "<frozen importlib._bootstrap_external>", line 1059, in source_to_code
  File "<frozen importlib._bootstrap>", line 488, in _call_with_frames_removed
  File "/opt/airflow/dags/bionicpro_reports_daily.py", line 1
    > Зайка:
    ^
SyntaxError: invalid syntax
[2025-11-21T20:13:59.011+0000] {processor.py:842} WARNING - No viable dags retrieved from /opt/airflow/dags/bionicpro_reports_daily.py
[2025-11-21T20:13:59.027+0000] {processor.py:183} INFO - Processing /opt/airflow/dags/bionicpro_reports_daily.py took 0.028 seconds
[2025-11-21T20:14:29.236+0000] {processor.py:161} INFO - Started process (PID=62) to work on /opt/airflow/dags/bionicpro_reports_daily.py
[2025-11-21T20:14:29.237+0000] {processor.py:830} INFO - Processing file /opt/airflow/dags/bionicpro_reports_daily.py for tasks to queue
[2025-11-21T20:14:29.239+0000] {logging_mixin.py:188} INFO - [2025-11-21T20:14:29.238+0000] {dagbag.py:540} INFO - Filling up the DagBag from /opt/airflow/dags/bionicpro_reports_daily.py
[2025-11-21T20:14:29.241+0000] {logging_mixin.py:188} INFO - [2025-11-21T20:14:29.240+0000] {dagbag.py:350} ERROR - Failed to import: /opt/airflow/dags/bionicpro_reports_daily.py
Traceback (most recent call last):
  File "/home/airflow/.local/lib/python3.12/site-packages/airflow/models/dagbag.py", line 346, in parse
    loader.exec_module(new_module)
  File "<frozen importlib._bootstrap_external>", line 991, in exec_module
  File "<frozen importlib._bootstrap_external>", line 1129, in get_code
  File "<frozen importlib._bootstrap_external>", line 1059, in source_to_code
  File "<frozen importlib._bootstrap>", line 488, in _call_with_frames_removed
  File "/opt/airflow/dags/bionicpro_reports_daily.py", line 1
    > Зайка:
    ^
SyntaxError: invalid syntax
[2025-11-21T20:14:29.241+0000] {processor.py:842} WARNING - No viable dags retrieved from /opt/airflow/dags/bionicpro_reports_daily.py
[2025-11-21T20:14:29.266+0000] {processor.py:183} INFO - Processing /opt/airflow/dags/bionicpro_reports_daily.py took 0.035 seconds
[2025-11-21T20:14:59.513+0000] {processor.py:161} INFO - Started process (PID=64) to work on /opt/airflow/dags/bionicpro_reports_daily.py
[2025-11-21T20:14:59.514+0000] {processor.py:830} INFO - Processing file /opt/airflow/dags/bionicpro_reports_daily.py for tasks to queue
[2025-11-21T20:14:59.516+0000] {logging_mixin.py:188} INFO - [2025-11-21T20:14:59.515+0000] {dagbag.py:540} INFO - Filling up the DagBag from /opt/airflow/dags/bionicpro_reports_daily.py
[2025-11-21T20:14:59.518+0000] {logging_mixin.py:188} INFO - [2025-11-21T20:14:59.517+0000] {dagbag.py:350} ERROR - Failed to import: /opt/airflow/dags/bionicpro_reports_daily.py
Traceback (most recent call last):
  File "/home/airflow/.local/lib/python3.12/site-packages/airflow/models/dagbag.py", line 346, in parse
    loader.exec_module(new_module)
  File "<frozen importlib._bootstrap_external>", line 991, in exec_module
  File "<frozen importlib._bootstrap_external>", line 1129, in get_code
  File "<frozen importlib._bootstrap_external>", line 1059, in source_to_code
  File "<frozen importlib._bootstrap>", line 488, in _call_with_frames_removed
  File "/opt/airflow/dags/bionicpro_reports_daily.py", line 1
    > Зайка:
    ^
SyntaxError: invalid syntax
[2025-11-21T20:14:59.519+0000] {processor.py:842} WARNING - No viable dags retrieved from /opt/airflow/dags/bionicpro_reports_daily.py
[2025-11-21T20:14:59.534+0000] {processor.py:183} INFO - Processing /opt/airflow/dags/bionicpro_reports_daily.py took 0.025 seconds
[2025-11-21T20:15:29.752+0000] {processor.py:161} INFO - Started process (PID=66) to work on /opt/airflow/dags/bionicpro_reports_daily.py
[2025-11-21T20:15:29.752+0000] {processor.py:830} INFO - Processing file /opt/airflow/dags/bionicpro_reports_daily.py for tasks to queue
[2025-11-21T20:15:29.754+0000] {logging_mixin.py:188} INFO - [2025-11-21T20:15:29.754+0000] {dagbag.py:540} INFO - Filling up the DagBag from /opt/airflow/dags/bionicpro_reports_daily.py
[2025-11-21T20:15:29.756+0000] {logging_mixin.py:188} INFO - [2025-11-21T20:15:29.755+0000] {dagbag.py:350} ERROR - Failed to import: /opt/airflow/dags/bionicpro_reports_daily.py
Traceback (most recent call last):
  File "/home/airflow/.local/lib/python3.12/site-packages/airflow/models/dagbag.py", line 346, in parse
    loader.exec_module(new_module)
  File "<frozen importlib._bootstrap_external>", line 991, in exec_module
  File "<frozen importlib._bootstrap_external>", line 1129, in get_code
  File "<frozen importlib._bootstrap_external>", line 1059, in source_to_code
  File "<frozen importlib._bootstrap>", line 488, in _call_with_frames_removed
  File "/opt/airflow/dags/bionicpro_reports_daily.py", line 1
    > Зайка:
    ^
SyntaxError: invalid syntax
[2025-11-21T20:15:29.757+0000] {processor.py:842} WARNING - No viable dags retrieved from /opt/airflow/dags/bionicpro_reports_daily.py
[2025-11-21T20:15:29.772+0000] {processor.py:183} INFO - Processing /opt/airflow/dags/bionicpro_reports_daily.py took 0.025 seconds
[2025-11-21T20:15:59.987+0000] {processor.py:161} INFO - Started process (PID=68) to work on /opt/airflow/dags/bionicpro_reports_daily.py
[2025-11-21T20:15:59.988+0000] {processor.py:830} INFO - Processing file /opt/airflow/dags/bionicpro_reports_daily.py for tasks to queue
[2025-11-21T20:15:59.991+0000] {logging_mixin.py:188} INFO - [2025-11-21T20:15:59.990+0000] {dagbag.py:540} INFO - Filling up the DagBag from /opt/airflow/dags/bionicpro_reports_daily.py
[2025-11-21T20:15:59.994+0000] {logging_mixin.py:188} INFO - [2025-11-21T20:15:59.993+0000] {dagbag.py:350} ERROR - Failed to import: /opt/airflow/dags/bionicpro_reports_daily.py
Traceback (most recent call last):
  File "/home/airflow/.local/lib/python3.12/site-packages/airflow/models/dagbag.py", line 346, in parse
    loader.exec_module(new_module)
  File "<frozen importlib._bootstrap_external>", line 991, in exec_module
  File "<frozen importlib._bootstrap_external>", line 1129, in get_code
  File "<frozen importlib._bootstrap_external>", line 1059, in source_to_code
  File "<frozen importlib._bootstrap>", line 488, in _call_with_frames_removed
  File "/opt/airflow/dags/bionicpro_reports_daily.py", line 1
    > Зайка:
    ^
SyntaxError: invalid syntax
[2025-11-21T20:15:59.995+0000] {processor.py:842} WARNING - No viable dags retrieved from /opt/airflow/dags/bionicpro_reports_daily.py
[2025-11-21T20:16:00.010+0000] {processor.py:183} INFO - Processing /opt/airflow/dags/bionicpro_reports_daily.py took 0.028 seconds
[2025-11-21T20:16:30.209+0000] {processor.py:161} INFO - Started process (PID=70) to work on /opt/airflow/dags/bionicpro_reports_daily.py
[2025-11-21T20:16:30.210+0000] {processor.py:830} INFO - Processing file /opt/airflow/dags/bionicpro_reports_daily.py for tasks to queue
[2025-11-21T20:16:30.211+0000] {logging_mixin.py:188} INFO - [2025-11-21T20:16:30.211+0000] {dagbag.py:540} INFO - Filling up the DagBag from /opt/airflow/dags/bionicpro_reports_daily.py
[2025-11-21T20:16:30.214+0000] {logging_mixin.py:188} INFO - [2025-11-21T20:16:30.213+0000] {dagbag.py:350} ERROR - Failed to import: /opt/airflow/dags/bionicpro_reports_daily.py
Traceback (most recent call last):
  File "/home/airflow/.local/lib/python3.12/site-packages/airflow/models/dagbag.py", line 346, in parse
    loader.exec_module(new_module)
  File "<frozen importlib._bootstrap_external>", line 991, in exec_module
  File "<frozen importlib._bootstrap_external>", line 1129, in get_code
  File "<frozen importlib._bootstrap_external>", line 1059, in source_to_code
  File "<frozen importlib._bootstrap>", line 488, in _call_with_frames_removed
  File "/opt/airflow/dags/bionicpro_reports_daily.py", line 1
    > Зайка:
    ^
SyntaxError: invalid syntax
[2025-11-21T20:16:30.214+0000] {processor.py:842} WARNING - No viable dags retrieved from /opt/airflow/dags/bionicpro_reports_daily.py
[2025-11-21T20:16:30.230+0000] {processor.py:183} INFO - Processing /opt/airflow/dags/bionicpro_reports_daily.py took 0.026 seconds
[2025-11-21T20:17:00.450+0000] {processor.py:161} INFO - Started process (PID=72) to work on /opt/airflow/dags/bionicpro_reports_daily.py
[2025-11-21T20:17:00.451+0000] {processor.py:830} INFO - Processing file /opt/airflow/dags/bionicpro_reports_daily.py for tasks to queue
[2025-11-21T20:17:00.453+0000] {logging_mixin.py:188} INFO - [2025-11-21T20:17:00.452+0000] {dagbag.py:540} INFO - Filling up the DagBag from /opt/airflow/dags/bionicpro_reports_daily.py
[2025-11-21T20:17:00.456+0000] {logging_mixin.py:188} INFO - [2025-11-21T20:17:00.455+0000] {dagbag.py:350} ERROR - Failed to import: /opt/airflow/dags/bionicpro_reports_daily.py
Traceback (most recent call last):
  File "/home/airflow/.local/lib/python3.12/site-packages/airflow/models/dagbag.py", line 346, in parse
    loader.exec_module(new_module)
  File "<frozen importlib._bootstrap_external>", line 991, in exec_module
  File "<frozen importlib._bootstrap_external>", line 1129, in get_code
  File "<frozen importlib._bootstrap_external>", line 1059, in source_to_code
  File "<frozen importlib._bootstrap>", line 488, in _call_with_frames_removed
  File "/opt/airflow/dags/bionicpro_reports_daily.py", line 1
    > Зайка:
    ^
SyntaxError: invalid syntax
[2025-11-21T20:17:00.457+0000] {processor.py:842} WARNING - No viable dags retrieved from /opt/airflow/dags/bionicpro_reports_daily.py
[2025-11-21T20:17:00.474+0000] {processor.py:183} INFO - Processing /opt/airflow/dags/bionicpro_reports_daily.py took 0.029 seconds
[2025-11-21T20:17:30.694+0000] {processor.py:161} INFO - Started process (PID=74) to work on /opt/airflow/dags/bionicpro_reports_daily.py
[2025-11-21T20:17:30.695+0000] {processor.py:830} INFO - Processing file /opt/airflow/dags/bionicpro_reports_daily.py for tasks to queue
[2025-11-21T20:17:30.697+0000] {logging_mixin.py:188} INFO - [2025-11-21T20:17:30.696+0000] {dagbag.py:540} INFO - Filling up the DagBag from /opt/airflow/dags/bionicpro_reports_daily.py
[2025-11-21T20:17:30.699+0000] {logging_mixin.py:188} INFO - [2025-11-21T20:17:30.698+0000] {dagbag.py:350} ERROR - Failed to import: /opt/airflow/dags/bionicpro_reports_daily.py
Traceback (most recent call last):
  File "/home/airflow/.local/lib/python3.12/site-packages/airflow/models/dagbag.py", line 346, in parse
    loader.exec_module(new_module)
  File "<frozen importlib._bootstrap_external>", line 991, in exec_module
  File "<frozen importlib._bootstrap_external>", line 1129, in get_code
  File "<frozen importlib._bootstrap_external>", line 1059, in source_to_code
  File "<frozen importlib._bootstrap>", line 488, in _call_with_frames_removed
  File "/opt/airflow/dags/bionicpro_reports_daily.py", line 1
    > Зайка:
    ^
SyntaxError: invalid syntax
[2025-11-21T20:17:30.699+0000] {processor.py:842} WARNING - No viable dags retrieved from /opt/airflow/dags/bionicpro_reports_daily.py
[2025-11-21T20:17:30.714+0000] {processor.py:183} INFO - Processing /opt/airflow/dags/bionicpro_reports_daily.py took 0.027 seconds
[2025-11-21T20:18:00.940+0000] {processor.py:161} INFO - Started process (PID=76) to work on /opt/airflow/dags/bionicpro_reports_daily.py
[2025-11-21T20:18:00.940+0000] {processor.py:830} INFO - Processing file /opt/airflow/dags/bionicpro_reports_daily.py for tasks to queue
[2025-11-21T20:18:00.942+0000] {logging_mixin.py:188} INFO - [2025-11-21T20:18:00.942+0000] {dagbag.py:540} INFO - Filling up the DagBag from /opt/airflow/dags/bionicpro_reports_daily.py
[2025-11-21T20:18:00.944+0000] {logging_mixin.py:188} INFO - [2025-11-21T20:18:00.944+0000] {dagbag.py:350} ERROR - Failed to import: /opt/airflow/dags/bionicpro_reports_daily.py
Traceback (most recent call last):
  File "/home/airflow/.local/lib/python3.12/site-packages/airflow/models/dagbag.py", line 346, in parse
    loader.exec_module(new_module)
  File "<frozen importlib._bootstrap_external>", line 991, in exec_module
  File "<frozen importlib._bootstrap_external>", line 1129, in get_code
  File "<frozen importlib._bootstrap_external>", line 1059, in source_to_code
  File "<frozen importlib._bootstrap>", line 488, in _call_with_frames_removed
  File "/opt/airflow/dags/bionicpro_reports_daily.py", line 1
    > Зайка:
    ^
SyntaxError: invalid syntax
[2025-11-21T20:18:00.945+0000] {processor.py:842} WARNING - No viable dags retrieved from /opt/airflow/dags/bionicpro_reports_daily.py
[2025-11-21T20:18:00.961+0000] {processor.py:183} INFO - Processing /opt/airflow/dags/bionicpro_reports_daily.py took 0.026 seconds
[2025-11-21T20:18:30.259+0000] {processor.py:161} INFO - Started process (PID=78) to work on /opt/airflow/dags/bionicpro_reports_daily.py
[2025-11-21T20:18:30.260+0000] {processor.py:830} INFO - Processing file /opt/airflow/dags/bionicpro_reports_daily.py for tasks to queue
[2025-11-21T20:18:30.262+0000] {logging_mixin.py:188} INFO - [2025-11-21T20:18:30.262+0000] {dagbag.py:540} INFO - Filling up the DagBag from /opt/airflow/dags/bionicpro_reports_daily.py
[2025-11-21T20:18:30.268+0000] {logging_mixin.py:188} INFO - [2025-11-21T20:18:30.266+0000] {dagbag.py:350} ERROR - Failed to import: /opt/airflow/dags/bionicpro_reports_daily.py
Traceback (most recent call last):
  File "/home/airflow/.local/lib/python3.12/site-packages/airflow/models/dagbag.py", line 346, in parse
    loader.exec_module(new_module)
  File "<frozen importlib._bootstrap_external>", line 995, in exec_module
  File "<frozen importlib._bootstrap>", line 488, in _call_with_frames_removed
  File "/opt/airflow/dags/bionicpro_reports_daily.py", line 6, in <module>
    from clickhouse_driver import Client as ClickHouseClient
ModuleNotFoundError: No module named 'clickhouse_driver'
[2025-11-21T20:18:30.268+0000] {processor.py:842} WARNING - No viable dags retrieved from /opt/airflow/dags/bionicpro_reports_daily.py
[2025-11-21T20:18:30.291+0000] {processor.py:183} INFO - Processing /opt/airflow/dags/bionicpro_reports_daily.py took 0.040 seconds
[2025-11-21T20:19:00.619+0000] {processor.py:161} INFO - Started process (PID=80) to work on /opt/airflow/dags/bionicpro_reports_daily.py
[2025-11-21T20:19:00.620+0000] {processor.py:830} INFO - Processing file /opt/airflow/dags/bionicpro_reports_daily.py for tasks to queue
[2025-11-21T20:19:00.622+0000] {logging_mixin.py:188} INFO - [2025-11-21T20:19:00.621+0000] {dagbag.py:540} INFO - Filling up the DagBag from /opt/airflow/dags/bionicpro_reports_daily.py
[2025-11-21T20:19:00.625+0000] {logging_mixin.py:188} INFO - [2025-11-21T20:19:00.624+0000] {dagbag.py:350} ERROR - Failed to import: /opt/airflow/dags/bionicpro_reports_daily.py
Traceback (most recent call last):
  File "/home/airflow/.local/lib/python3.12/site-packages/airflow/models/dagbag.py", line 346, in parse
    loader.exec_module(new_module)
  File "<frozen importlib._bootstrap_external>", line 995, in exec_module
  File "<frozen importlib._bootstrap>", line 488, in _call_with_frames_removed
  File "/opt/airflow/dags/bionicpro_reports_daily.py", line 6, in <module>
    from clickhouse_driver import Client as ClickHouseClient
ModuleNotFoundError: No module named 'clickhouse_driver'
[2025-11-21T20:19:00.625+0000] {processor.py:842} WARNING - No viable dags retrieved from /opt/airflow/dags/bionicpro_reports_daily.py
[2025-11-21T20:19:00.643+0000] {processor.py:183} INFO - Processing /opt/airflow/dags/bionicpro_reports_daily.py took 0.029 seconds
[2025-11-21T20:19:30.970+0000] {processor.py:161} INFO - Started process (PID=82) to work on /opt/airflow/dags/bionicpro_reports_daily.py
[2025-11-21T20:19:30.971+0000] {processor.py:830} INFO - Processing file /opt/airflow/dags/bionicpro_reports_daily.py for tasks to queue
[2025-11-21T20:19:30.974+0000] {logging_mixin.py:188} INFO - [2025-11-21T20:19:30.973+0000] {dagbag.py:540} INFO - Filling up the DagBag from /opt/airflow/dags/bionicpro_reports_daily.py
[2025-11-21T20:19:30.978+0000] {logging_mixin.py:188} INFO - [2025-11-21T20:19:30.976+0000] {dagbag.py:350} ERROR - Failed to import: /opt/airflow/dags/bionicpro_reports_daily.py
Traceback (most recent call last):
  File "/home/airflow/.local/lib/python3.12/site-packages/airflow/models/dagbag.py", line 346, in parse
    loader.exec_module(new_module)
  File "<frozen importlib._bootstrap_external>", line 995, in exec_module
  File "<frozen importlib._bootstrap>", line 488, in _call_with_frames_removed
  File "/opt/airflow/dags/bionicpro_reports_daily.py", line 6, in <module>
    from clickhouse_driver import Client as ClickHouseClient
ModuleNotFoundError: No module named 'clickhouse_driver'
[2025-11-21T20:19:30.978+0000] {processor.py:842} WARNING - No viable dags retrieved from /opt/airflow/dags/bionicpro_reports_daily.py
[2025-11-21T20:19:31.009+0000] {processor.py:183} INFO - Processing /opt/airflow/dags/bionicpro_reports_daily.py took 0.046 seconds
[2025-11-21T20:20:01.311+0000] {processor.py:161} INFO - Started process (PID=84) to work on /opt/airflow/dags/bionicpro_reports_daily.py
[2025-11-21T20:20:01.312+0000] {processor.py:830} INFO - Processing file /opt/airflow/dags/bionicpro_reports_daily.py for tasks to queue
[2025-11-21T20:20:01.313+0000] {logging_mixin.py:188} INFO - [2025-11-21T20:20:01.313+0000] {dagbag.py:540} INFO - Filling up the DagBag from /opt/airflow/dags/bionicpro_reports_daily.py
[2025-11-21T20:20:01.316+0000] {logging_mixin.py:188} INFO - [2025-11-21T20:20:01.315+0000] {dagbag.py:350} ERROR - Failed to import: /opt/airflow/dags/bionicpro_reports_daily.py
Traceback (most recent call last):
  File "/home/airflow/.local/lib/python3.12/site-packages/airflow/models/dagbag.py", line 346, in parse
    loader.exec_module(new_module)
  File "<frozen importlib._bootstrap_external>", line 995, in exec_module
  File "<frozen importlib._bootstrap>", line 488, in _call_with_frames_removed
  File "/opt/airflow/dags/bionicpro_reports_daily.py", line 6, in <module>
    from clickhouse_driver import Client as ClickHouseClient
ModuleNotFoundError: No module named 'clickhouse_driver'
[2025-11-21T20:20:01.317+0000] {processor.py:842} WARNING - No viable dags retrieved from /opt/airflow/dags/bionicpro_reports_daily.py
[2025-11-21T20:20:01.333+0000] {processor.py:183} INFO - Processing /opt/airflow/dags/bionicpro_reports_daily.py took 0.027 seconds
[2025-11-21T20:20:31.487+0000] {processor.py:161} INFO - Started process (PID=86) to work on /opt/airflow/dags/bionicpro_reports_daily.py
[2025-11-21T20:20:31.488+0000] {processor.py:830} INFO - Processing file /opt/airflow/dags/bionicpro_reports_daily.py for tasks to queue
[2025-11-21T20:20:31.489+0000] {logging_mixin.py:188} INFO - [2025-11-21T20:20:31.489+0000] {dagbag.py:540} INFO - Filling up the DagBag from /opt/airflow/dags/bionicpro_reports_daily.py
[2025-11-21T20:20:31.492+0000] {logging_mixin.py:188} INFO - [2025-11-21T20:20:31.491+0000] {dagbag.py:350} ERROR - Failed to import: /opt/airflow/dags/bionicpro_reports_daily.py
Traceback (most recent call last):
  File "/home/airflow/.local/lib/python3.12/site-packages/airflow/models/dagbag.py", line 346, in parse
    loader.exec_module(new_module)
  File "<frozen importlib._bootstrap_external>", line 995, in exec_module
  File "<frozen importlib._bootstrap>", line 488, in _call_with_frames_removed
  File "/opt/airflow/dags/bionicpro_reports_daily.py", line 6, in <module>
    from clickhouse_driver import Client as ClickHouseClient
ModuleNotFoundError: No module named 'clickhouse_driver'
[2025-11-21T20:20:31.493+0000] {processor.py:842} WARNING - No viable dags retrieved from /opt/airflow/dags/bionicpro_reports_daily.py
[2025-11-21T20:20:31.521+0000] {processor.py:183} INFO - Processing /opt/airflow/dags/bionicpro_reports_daily.py took 0.040 seconds
[2025-11-21T20:21:01.649+0000] {processor.py:161} INFO - Started process (PID=88) to work on /opt/airflow/dags/bionicpro_reports_daily.py
[2025-11-21T20:21:01.649+0000] {processor.py:830} INFO - Processing file /opt/airflow/dags/bionicpro_reports_daily.py for tasks to queue
[2025-11-21T20:21:01.651+0000] {logging_mixin.py:188} INFO - [2025-11-21T20:21:01.651+0000] {dagbag.py:540} INFO - Filling up the DagBag from /opt/airflow/dags/bionicpro_reports_daily.py
[2025-11-21T20:21:01.654+0000] {logging_mixin.py:188} INFO - [2025-11-21T20:21:01.653+0000] {dagbag.py:350} ERROR - Failed to import: /opt/airflow/dags/bionicpro_reports_daily.py
Traceback (most recent call last):
  File "/home/airflow/.local/lib/python3.12/site-packages/airflow/models/dagbag.py", line 346, in parse
    loader.exec_module(new_module)
  File "<frozen importlib._bootstrap_external>", line 995, in exec_module
  File "<frozen importlib._bootstrap>", line 488, in _call_with_frames_removed
  File "/opt/airflow/dags/bionicpro_reports_daily.py", line 6, in <module>
    from clickhouse_driver import Client as ClickHouseClient
ModuleNotFoundError: No module named 'clickhouse_driver'
[2025-11-21T20:21:01.654+0000] {processor.py:842} WARNING - No viable dags retrieved from /opt/airflow/dags/bionicpro_reports_daily.py
[2025-11-21T20:21:01.680+0000] {processor.py:183} INFO - Processing /opt/airflow/dags/bionicpro_reports_daily.py took 0.036 seconds
[2025-11-21T20:21:32.150+0000] {processor.py:161} INFO - Started process (PID=90) to work on /opt/airflow/dags/bionicpro_reports_daily.py
[2025-11-21T20:21:32.153+0000] {processor.py:830} INFO - Processing file /opt/airflow/dags/bionicpro_reports_daily.py for tasks to queue
[2025-11-21T20:21:32.158+0000] {logging_mixin.py:188} INFO - [2025-11-21T20:21:32.157+0000] {dagbag.py:540} INFO - Filling up the DagBag from /opt/airflow/dags/bionicpro_reports_daily.py
[2025-11-21T20:21:32.171+0000] {logging_mixin.py:188} INFO - [2025-11-21T20:21:32.160+0000] {dagbag.py:350} ERROR - Failed to import: /opt/airflow/dags/bionicpro_reports_daily.py
Traceback (most recent call last):
  File "/home/airflow/.local/lib/python3.12/site-packages/airflow/models/dagbag.py", line 346, in parse
    loader.exec_module(new_module)
  File "<frozen importlib._bootstrap_external>", line 995, in exec_module
  File "<frozen importlib._bootstrap>", line 488, in _call_with_frames_removed
  File "/opt/airflow/dags/bionicpro_reports_daily.py", line 6, in <module>
    from clickhouse_driver import Client as ClickHouseClient
ModuleNotFoundError: No module named 'clickhouse_driver'
[2025-11-21T20:21:32.172+0000] {processor.py:842} WARNING - No viable dags retrieved from /opt/airflow/dags/bionicpro_reports_daily.py
[2025-11-21T20:21:32.222+0000] {processor.py:183} INFO - Processing /opt/airflow/dags/bionicpro_reports_daily.py took 0.083 seconds
